module,file,line,category,vn,en_goi_y_tu_glossary,en_thai_chot,ghi_chu
wujia_franchise,custom/wujia_franchise/__manifest__.py,7,py_literal,Module hợp nhất 2 phân hệ chính của nhượng quyền (BA spec mục A): 1. wujia.franchise.management — hồ sơ cửa hàng nhượng quyền: - Mã cửa hàng,,,
wujia_franchise,custom/wujia_franchise/models/res_partner.py,105,py_gettext,Document '%(doc)s' is linked with store '%(current)s' but partner '%(partner)s' thuộc cửa hàng '%(store)s'. Hãy sửa lại cho khớp rồi thao tá,,,
wujia_franchise,custom/wujia_franchise/models/wujia_franchise_management.py,301,py_literal,[BOOTSTRAP CSV] Lỗi nạp res.area.csv:,,,
wujia_franchise,custom/wujia_franchise/models/wujia_franchise_management.py,368,py_literal,[BOOTSTRAP CSV] Lỗi nạp wujia.franchise.management.csv:,,,
wujia_franchise,custom/wujia_franchise/models/wujia_franchise_management.py,443,py_literal,chủ,,,
wujia_franchise,custom/wujia_franchise/models/wujia_franchise_management.py,445,py_literal,quản,,,
wujia_franchise,custom/wujia_franchise/models/wujia_franchise_management.py,467,py_literal,[BOOTSTRAP] Lỗi nạp employee.csv:,,,
wujia_franchise_contract,custom/wujia_franchise_contract/__manifest__.py,5,py_literal,Quản lý hợp đồng nhượng quyền theo Store,,,
wujia_franchise_contract,custom/wujia_franchise_contract/__manifest__.py,7,py_literal,Module mở rộng độc lập cho phân hệ nhượng quyền Wujia: 1. Model wujia.franchise.contract quản lý hợp đồng nhượng quyền độc lập theo Store. 2,,,
wujia_franchise_contract,custom/wujia_franchise_contract/data/ir_sequence_data.xml,5,data_record,Hợp đồng nhượng quyền Sequence,,,
wujia_franchise_inspection,custom/wujia_franchise_inspection/__manifest__.py,8,py_literal,Franchise Store Inspection & Supervision Management: 1. wujia.franchise.inspection — phiếu khảo sát & đánh giá chất lượng: - Chấm điểm theo ,,,
wujia_franchise_inspection,custom/wujia_franchise_inspection/controllers/main.py,204,py_literal,Chưa có ghi chú,,,
wujia_franchise_inspection,custom/wujia_franchise_inspection/models/google_drive_client.py,46,py_literal,"Thư viện Google Drive API chưa được cài đặt trên hệ thống (cần google-api-python-client, google-auth).",,,
wujia_franchise_inspection,custom/wujia_franchise_inspection/models/google_drive_client.py,66,py_literal,Lỗi làm mới token Google Drive:,,,
wujia_franchise_inspection,custom/wujia_franchise_inspection/models/google_drive_client.py,70,py_literal,Không tìm thấy file credentials.json tại:,,,
wujia_franchise_inspection,custom/wujia_franchise_inspection/models/google_drive_client.py,192,py_literal,Đang upload trực tiếp '%s' lên Drive...,,,
wujia_franchise_inspection,custom/wujia_franchise_inspection/models/google_drive_client.py,204,py_literal,Tiến độ upload '%s': %d%%,,,
wujia_franchise_inspection,custom/wujia_franchise_inspection/models/google_drive_client.py,216,py_literal,Không thể cấp quyền public: %s,,,
wujia_franchise_inspection,custom/wujia_franchise_inspection/models/google_drive_client.py,218,py_literal,"Upload hoàn tất! ID: %s, Link: %s",,,
wujia_franchise_inspection,custom/wujia_franchise_inspection/models/posapp_client.py,80,py_literal,"{""filter_type"":11,""data"":[{""key"":""status"",""key_text"":""Trạng thái"",""operator"":{""key"":""is"",""value"":""Là""},""value"":[15431],""dynamic_date_type"":n",,,
wujia_franchise_inspection,custom/wujia_franchise_inspection/models/posapp_client.py,194,py_literal,Lỗi trong luồng tải đơn hàng: %s,,,
wujia_franchise_inspection,custom/wujia_franchise_inspection/models/wujia_franchise_inspection.py,695,py_literal,Khảo sát,,,
wujia_franchise_inspection,custom/wujia_franchise_inspection/models/wujia_franchise_inspection.py,716,py_literal,Khảo sát,,,
wujia_franchise_inspection,custom/wujia_franchise_inspection/models/wujia_franchise_inspection_question.py,34,py_field,Nhập đáp án đúng cho từng chỗ trống ____. - Chỗ trống 1: Nhập ở Dòng 1. - Chỗ trống 2: Nhập ở Dòng 2. - Nếu 1 chỗ trống có nhiều đáp án chấp,,,
wujia_franchise_inspection,custom/wujia_franchise_inspection/models/wujia_franchise_inspection_question.py,115,py_literal,"Công thức pha chế món ""Sữa Tươi Khoai Môn Nghiền"" 50% đường, đá bình thường: Khoai môn nghiền _____ viên (_____gr), Khoai Môn Nghiền vá ( gr",,,
wujia_franchise_inspection,custom/wujia_franchise_inspection/models/wujia_franchise_inspection_question.py,122,py_literal,"Công thức pha chế món ""Hồng Trà Kem Cheese"" 50% đường, ít đá: Đong Hồng Trà có đường ____ml trên ca định lượng, đong Hồng trà không đường __",,,
wujia_franchise_inspection,custom/wujia_franchise_inspection/models/wujia_franchise_inspection_question.py,129,py_literal,"Công thức pha chế món ""Olong Nho"" 70% đường, ít đá: _____gr mứt nho, _____cc nước cốt nho, cho đá đến vạch 300, đong ____ml Olong có đường t",,,
wujia_franchise_inspection,custom/wujia_franchise_inspection/models/wujia_franchise_inspection_question.py,136,py_literal,"Công thức pha chế món ""Olong Latte"" + 1 phần Pudding Trứng Muối, size L, 50% đường, ít đá: Pudding Trứng Muối____ vá ( ____gr), sữa tươi 150",,,
wujia_franchise_inspection,custom/wujia_franchise_inspection/models/wujia_franchise_inspection_question.py,143,py_literal,"Công thức pha chế món ""Trà Xí Muội Ngô Gia"" size M, ít đá: Hạt é _____ vá (_____gr), Thạch Aiyu_____ vá (____gr), đá đến vạch 300, đong trà ",,,
wujia_franchise_inspection,custom/wujia_franchise_inspection/models/wujia_franchise_inspection_question.py,150,py_literal,"Lượng sữa tươi trong thức uống ""Sữa Tươi Trân Châu Đường Đen"" nhiều đá size M là _____ml; size L là ______ml.",,,
wujia_franchise_inspection,custom/wujia_franchise_inspection/models/wujia_franchise_inspection_question.py,157,py_literal,"Điền chính xác định lượng các loại topping sau: Trân Châu Vị Dâu ___vá (____gr),Khoai môn Nghiền ____viên (____gr), Trân Châu 3Q Trắng _____",,,
wujia_franchise_inspection,custom/wujia_franchise_inspection/models/wujia_franchise_inspection_question.py,164,py_literal,"Công thức pha chế món ""Hồng Trà Bí Đao"" size M, 70% đường, ít đá: Đong ____ml Trà Bí Đao trên ca định lượng, đong _____ml Hồng Trà có đường ",,,
wujia_franchise_inspection,custom/wujia_franchise_inspection/models/wujia_franchise_inspection_question.py,171,py_literal,"Sau khi cho Hạt é, nước lọc và nước đường vào khuấy đều, để yên ___ phút mới có thể sử dụng.",,,
wujia_franchise_inspection,custom/wujia_franchise_inspection/models/wujia_franchise_inspection_question.py,178,py_literal,"Hạn sử dụng của topping ""Pudding Sương Sáo"" đã khui là: ________",,,
wujia_franchise_inspection,custom/wujia_franchise_inspection/models/wujia_franchise_inspection_question.py,180,py_literal,Sử dụng ngay,,,
wujia_franchise_inspection,custom/wujia_franchise_inspection/models/wujia_franchise_inspection_question.py,180,py_literal,dùng liền,,,
wujia_franchise_inspection,custom/wujia_franchise_inspection/models/wujia_franchise_inspection_question.py,180,py_literal,dùng ngay,,,
wujia_franchise_inspection,custom/wujia_franchise_inspection/models/wujia_franchise_inspection_question.py,185,py_literal,"Hạn sử dụng của ""Kem chesse"" thành phân là: _____ngày (tốt nhất ___tiếng)",,,
wujia_franchise_inspection,custom/wujia_franchise_inspection/models/wujia_franchise_inspection_question.py,192,py_literal,"Công thức nấu 150gr ""Trân Châu Vị Dâu"": Nước lọc_____ml, nước đường _____cc.",,,
wujia_franchise_inspection,custom/wujia_franchise_inspection/models/wujia_franchise_inspection_question.py,199,py_literal,"Công thức nâu 300gr ""Khoai Dẻo Tam Sắc"": Nước lọc _____ml, nước đường _______cc.",,,
wujia_franchise_inspection,custom/wujia_franchise_inspection/models/wujia_franchise_inspection_question.py,206,py_literal,"Công thức nâu 2000gr ""Trân Châu Đường Đen"": Nước lọc ____ml, nước đường ______cc, siro đường đen _____cc.",,,
wujia_franchise_inspection,custom/wujia_franchise_inspection/models/wujia_franchise_inspection_question.py,213,py_literal,"Công thức nâu 500gr ""Trân Châu Khoai Môn"": Nước lọc _____ml, nước đường _____cc.",,,
wujia_franchise_inspection,custom/wujia_franchise_inspection/models/wujia_franchise_inspection_template.py,227,py_literal,Mã tiêu chí,Criterion code,,
wujia_franchise_inspection,custom/wujia_franchise_inspection/models/wujia_franchise_inspection_template.py,228,py_literal,Loại dòng (Section/Line),,,
wujia_franchise_inspection,custom/wujia_franchise_inspection/models/wujia_franchise_inspection_template.py,229,py_literal,Danh mục / Nhóm,,,
wujia_franchise_inspection,custom/wujia_franchise_inspection/models/wujia_franchise_inspection_template.py,230,py_literal,Nội dung tiêu chí,Criterion content,,
wujia_franchise_inspection,custom/wujia_franchise_inspection/models/wujia_franchise_inspection_template.py,231,py_literal,Phân loại (Thông thường/Điểm liệt),,,
wujia_franchise_inspection,custom/wujia_franchise_inspection/models/wujia_franchise_inspection_template.py,233,py_literal,Bắt buộc ghi chú nếu vi phạm (Có/Không),,,
wujia_franchise_inspection,custom/wujia_franchise_inspection/models/wujia_franchise_inspection_template.py,234,py_literal,Bắt buộc ảnh nếu vi phạm (Có/Không),,,
wujia_franchise_inspection,custom/wujia_franchise_inspection/models/wujia_franchise_inspection_template.py,249,py_literal,Gìn giữ hình ảnh ngoại quan cửa hàng / 店鋪外觀形象保持,,,
wujia_franchise_inspection,custom/wujia_franchise_inspection/models/wujia_franchise_inspection_template.py,249,py_literal,Không,,,
wujia_franchise_inspection,custom/wujia_franchise_inspection/models/wujia_franchise_inspection_template.py,249,py_literal,Không,,,
wujia_franchise_inspection,custom/wujia_franchise_inspection/models/wujia_franchise_inspection_template.py,250,py_literal,Gìn giữ hình ảnh ngoại quan cửa hàng / 店鋪外觀形象保持,,,
wujia_franchise_inspection,custom/wujia_franchise_inspection/models/wujia_franchise_inspection_template.py,250,py_literal,"Duy trì trang thiết bị ngoại quan: Bảng hiệu, đèn chiếu sáng, mái hiên và băng rôn ""Mua 5 tặng 1"" phải giữ gìn sạch sẽ, không bị phai màu ha",,,
wujia_franchise_inspection,custom/wujia_franchise_inspection/models/wujia_franchise_inspection_template.py,250,py_literal,Điểm liệt,,,
wujia_franchise_inspection,custom/wujia_franchise_inspection/models/wujia_franchise_inspection_template.py,250,py_literal,Không,,,
wujia_franchise_inspection,custom/wujia_franchise_inspection/models/wujia_franchise_inspection_template.py,250,py_literal,Có,,,
wujia_franchise_inspection,custom/wujia_franchise_inspection/models/wujia_franchise_inspection_template.py,251,py_literal,Gìn giữ hình ảnh ngoại quan cửa hàng / 店鋪外觀形象保持,,,
wujia_franchise_inspection,custom/wujia_franchise_inspection/models/wujia_franchise_inspection_template.py,251,py_literal,"Phía trước tiệm và phía dưới dốc dắt xe máy sạch rác và lá cây, mặt đất giữ sạch sẽ, không có bụi bẩn hay vết ố. 店前及機車坡道下方地面整潔無垃圾、落葉,地面保持乾淨無",,,
wujia_franchise_inspection,custom/wujia_franchise_inspection/models/wujia_franchise_inspection_template.py,251,py_literal,Thông thường,Regular,,
wujia_franchise_inspection,custom/wujia_franchise_inspection/models/wujia_franchise_inspection_template.py,251,py_literal,Không,,,
wujia_franchise_inspection,custom/wujia_franchise_inspection/models/wujia_franchise_inspection_template.py,251,py_literal,Không,,,
wujia_franchise_inspection,custom/wujia_franchise_inspection/models/wujia_franchise_inspection_template.py,252,py_literal,Gìn giữ hình ảnh ngoại quan cửa hàng / 店鋪外觀形象保持,,,
wujia_franchise_inspection,custom/wujia_franchise_inspection/models/wujia_franchise_inspection_template.py,252,py_literal,"Xe đậu ngay ngắn; đảm bảo lối ra vào tiệm và khu vực quanh xe trà luôn thông thoáng, không có vật cản gây trở ngại cho khách mua hàng. 車輛停放整",,,
wujia_franchise_inspection,custom/wujia_franchise_inspection/models/wujia_franchise_inspection_template.py,252,py_literal,Thông thường,Regular,,
wujia_franchise_inspection,custom/wujia_franchise_inspection/models/wujia_franchise_inspection_template.py,252,py_literal,Không,,,
wujia_franchise_inspection,custom/wujia_franchise_inspection/models/wujia_franchise_inspection_template.py,252,py_literal,Không,,,
wujia_franchise_inspection,custom/wujia_franchise_inspection/models/wujia_franchise_inspection_template.py,253,py_literal,Yêu cầu giữ gìn các thiết bị / 各設備維護要求,,,
wujia_franchise_inspection,custom/wujia_franchise_inspection/models/wujia_franchise_inspection_template.py,253,py_literal,Không,,,
wujia_franchise_inspection,custom/wujia_franchise_inspection/models/wujia_franchise_inspection_template.py,253,py_literal,Không,,,
wujia_franchise_inspection,custom/wujia_franchise_inspection/models/wujia_franchise_inspection_template.py,254,py_literal,Yêu cầu giữ gìn các thiết bị / 各設備維護要求,,,
wujia_franchise_inspection,custom/wujia_franchise_inspection/models/wujia_franchise_inspection_template.py,254,py_literal,"Bình đựng trà, máy đo định lượng đường, máy làm đá và các thiết bị pha chế được vệ sinh sạch sẽ, hoạt động bình thường. 茶桶、果糖機、製冰機等吧台設備保持清潔且",,,
wujia_franchise_inspection,custom/wujia_franchise_inspection/models/wujia_franchise_inspection_template.py,254,py_literal,Thông thường,Regular,,
wujia_franchise_inspection,custom/wujia_franchise_inspection/models/wujia_franchise_inspection_template.py,254,py_literal,Không,,,
wujia_franchise_inspection,custom/wujia_franchise_inspection/models/wujia_franchise_inspection_template.py,254,py_literal,Không,,,
wujia_franchise_inspection,custom/wujia_franchise_inspection/models/wujia_franchise_inspection_template.py,255,py_literal,Những hạng mục vi phạm nghiêm trọng (trừ 6 điểm) / 嚴重違規項,,,
wujia_franchise_inspection,custom/wujia_franchise_inspection/models/wujia_franchise_inspection_template.py,255,py_literal,Không,,,
wujia_franchise_inspection,custom/wujia_franchise_inspection/models/wujia_franchise_inspection_template.py,255,py_literal,Không,,,
wujia_franchise_inspection,custom/wujia_franchise_inspection/models/wujia_franchise_inspection_template.py,256,py_literal,Những hạng mục vi phạm nghiêm trọng (trừ 6 điểm) / 嚴重違規項,,,
wujia_franchise_inspection,custom/wujia_franchise_inspection/models/wujia_franchise_inspection_template.py,256,py_literal,Sử dụng nguyên liệu không rõ nguồn gốc hoặc hết hạn sử dụng. 使用來源不明或過期之原物料。,,,
wujia_franchise_inspection,custom/wujia_franchise_inspection/models/wujia_franchise_inspection_template.py,256,py_literal,Điểm liệt,,,
wujia_franchise_inspection,custom/wujia_franchise_inspection/models/wujia_franchise_inspection_template.py,256,py_literal,Có,,,
wujia_franchise_inspection,custom/wujia_franchise_inspection/models/wujia_franchise_inspection_template.py,256,py_literal,Có,,,
wujia_franchise_inspection,custom/wujia_franchise_inspection/models/wujia_franchise_inspection_template.py,280,py_literal,Điểm liệt,,,
wujia_franchise_inspection,custom/wujia_franchise_inspection/models/wujia_franchise_inspection_template.py,280,py_literal,Thông thường,Regular,,
wujia_franchise_inspection,custom/wujia_franchise_inspection/models/wujia_franchise_inspection_template.py,282,py_literal,Có,,,
wujia_franchise_inspection,custom/wujia_franchise_inspection/models/wujia_franchise_inspection_template.py,282,py_literal,Không,,,
wujia_franchise_inspection,custom/wujia_franchise_inspection/models/wujia_franchise_inspection_template.py,283,py_literal,Có,,,
wujia_franchise_inspection,custom/wujia_franchise_inspection/models/wujia_franchise_inspection_template.py,283,py_literal,Không,,,
wujia_franchise_inspection,custom/wujia_franchise_inspection/models/wujia_franchise_inspection_template.py,555,py_literal,mã,,,
wujia_franchise_inspection,custom/wujia_franchise_inspection/models/wujia_franchise_inspection_template.py,555,py_literal,loại,,,
wujia_franchise_inspection,custom/wujia_franchise_inspection/models/wujia_franchise_inspection_template.py,555,py_literal,danh mục,,,
wujia_franchise_inspection,custom/wujia_franchise_inspection/models/wujia_franchise_inspection_template.py,555,py_literal,nội dung,,,
wujia_franchise_inspection,custom/wujia_franchise_inspection/models/wujia_franchise_inspection_template.py,555,py_literal,tiêu chí,,,
wujia_franchise_inspection,custom/wujia_franchise_inspection/models/wujia_franchise_inspection_template.py,605,py_literal,phần,,,
wujia_franchise_inspection,custom/wujia_franchise_inspection/models/wujia_franchise_inspection_template.py,605,py_literal,mục,,,
wujia_franchise_inspection,custom/wujia_franchise_inspection/models/wujia_franchise_inspection_template.py,605,py_literal,hạng mục,,,
wujia_franchise_inspection,custom/wujia_franchise_inspection/models/wujia_franchise_inspection_template.py,605,py_literal,nhóm,,,
wujia_franchise_inspection,custom/wujia_franchise_inspection/models/wujia_franchise_inspection_template.py,625,py_literal,liệt,,,
wujia_franchise_inspection,custom/wujia_franchise_inspection/models/wujia_franchise_inspection_template.py,625,py_literal,nghiêm trọng,,,
wujia_franchise_inspection,custom/wujia_franchise_inspection/models/wujia_franchise_inspection_template.py,645,py_literal,có,,,
wujia_franchise_inspection,custom/wujia_franchise_inspection/static/src/js/inspection_report.js,12,js_literal,Báo cáo Khảo sát Giám sát,,,
wujia_franchise_inspection,custom/wujia_franchise_inspection/static/src/js/inspection_survey.js,456,js_literal,Đợt trước,,,
wujia_franchise_inspection,custom/wujia_franchise_inspection/static/src/js/inspection_survey.js,1037,js_literal,Chưa có ghi chú,,,
wujia_franchise_operations,custom/wujia_franchise_operations/wizard/wujia_franchise_revenue_compute_wizard.py,141,py_literal,đ,,,
wujia_franchise_operations,custom/wujia_franchise_operations/wizard/wujia_franchise_revenue_compute_wizard.py,143,py_literal,VNĐ,,,
wujia_portal_inspection,custom/wujia_portal_inspection/__manifest__.py,3,py_literal,Wujia Portal — Inspection (Khảo sát),,,
wujia_portal_inspection,custom/wujia_portal_inspection/__manifest__.py,6,py_literal,Giao diện xem phiếu khảo sát đánh giá cửa hàng nhượng quyền,,,
wujia_portal_inspection,custom/wujia_portal_inspection/controllers/portal.py,108,py_literal,Loại,,,
wujia_portal_inspection,custom/wujia_portal_inspection/controllers/portal.py,108,py_literal,Hạng,,,
wujia_portal_inspection,custom/wujia_portal_inspection/controllers/portal.py,109,py_literal,Loại,,,
wujia_portal_inspection,custom/wujia_portal_inspection/controllers/portal.py,113,py_literal,Hoàn thành,,,
wujia_portal_inspection,custom/wujia_portal_inspection/controllers/portal.py,119,py_literal,Chờ phản hồi,Awaiting reply,,
wujia_portal_inspection,custom/wujia_portal_inspection/controllers/portal.py,124,py_literal,Khảo sát,,,
wujia_portal_inspection,custom/wujia_portal_inspection/controllers/portal.py,125,py_literal,Khảo sát cửa hàng nhượng quyền,Franchise store inspection,,
wujia_portal_inspection,custom/wujia_portal_inspection/controllers/portal.py,125,py_literal,Khảo sát cửa hàng nhượng quyền,Franchise store inspection,,
wujia_portal_inspection,custom/wujia_portal_inspection/controllers/portal.py,129,py_literal,Lần,,,
wujia_portal_inspection,custom/wujia_portal_inspection/controllers/portal.py,131,py_literal,Lần,,,
wujia_portal_inspection,custom/wujia_portal_inspection/controllers/portal.py,133,py_literal,Khảo sát cửa hàng,,,
wujia_portal_inspection,custom/wujia_portal_inspection/controllers/portal.py,148,py_literal,Cửa hàng,,,
wujia_portal_inspection,custom/wujia_portal_inspection/controllers/portal.py,231,py_literal,nghiêm trọng,,,
wujia_portal_inspection,custom/wujia_portal_inspection/controllers/portal.py,231,py_literal,nghiêm trọng,,,
wujia_portal_inspection,custom/wujia_portal_inspection/controllers/portal.py,231,py_literal,vi phạm,,,
wujia_portal_inspection,custom/wujia_portal_inspection/controllers/portal.py,231,py_literal,nghiêm trọng,,,
wujia_portal_inspection,custom/wujia_portal_inspection/controllers/portal.py,233,py_literal,DANH MỤC,,,
wujia_portal_inspection,custom/wujia_portal_inspection/controllers/portal.py,252,py_literal,nghiêm trọng,,,
wujia_portal_inspection,custom/wujia_portal_inspection/controllers/portal.py,252,py_literal,nghiêm trọng,,,
wujia_portal_inspection,custom/wujia_portal_inspection/controllers/portal.py,282,py_literal,DANH MỤC,,,
wujia_portal_inspection,custom/wujia_portal_inspection/controllers/portal.py,283,py_literal,Tiêu chí kiểm tra,,,
wujia_portal_inspection,custom/wujia_portal_inspection/controllers/portal.py,360,py_literal,DANH MỤC TIÊU CHÍ,,,
wujia_portal_inspection,custom/wujia_portal_inspection/controllers/portal.py,403,py_literal,Thiếu ID tiêu chí.,,,
wujia_portal_inspection,custom/wujia_portal_inspection/controllers/portal.py,408,py_literal,Tiêu chí không tồn tại.,,,
wujia_portal_inspection,custom/wujia_portal_inspection/controllers/portal.py,437,py_literal,Tiêu chí này yêu cầu bắt buộc phải có ảnh minh chứng.,,,
wujia_portal_inspection,custom/wujia_portal_inspection/controllers/portal.py,440,py_literal,Vui lòng nhập ghi chú khắc phục hoặc tải lên ảnh minh chứng trước khi gửi.,,,
wujia_portal_inspection,custom/wujia_portal_inspection/controllers/portal.py,453,py_literal,Quy chuẩn,,,
wujia_portal_inspection,custom/wujia_portal_inspection/controllers/portal.py,459,py_literal,Đã gửi phản hồi khắc phục thành công!,,,
wujia_portal_inspection,custom/wujia_portal_inspection/static/src/js/portal_inspection_detail.js,215,js_literal,Vui lòng nhập ghi chú hoặc tải lên ảnh minh chứng trước khi gửi phản hồi!,,,
wujia_portal_inspection,custom/wujia_portal_inspection/static/src/js/portal_inspection_detail.js,224,js_literal,"<span class=""spinner-border spinner-border-sm me-2"" role=""status"" aria-hidden=""true""></span> Đang gửi...",,,
wujia_portal_inspection,custom/wujia_portal_inspection/static/src/js/portal_inspection_detail.js,245,js_literal,"Phiên đăng nhập hết hạn, vui lòng đăng nhập lại.",,,
wujia_portal_inspection,custom/wujia_portal_inspection/static/src/js/portal_inspection_detail.js,273,js_literal,"Gửi phản hồi thất bại, vui lòng thử lại.",,,
wujia_portal_inspection,custom/wujia_portal_inspection/static/src/js/portal_inspection_detail.js,298,js_literal,Tiêu chí này yêu cầu bắt buộc phải chọn ảnh minh chứng!,,,
wujia_portal_inspection,custom/wujia_portal_inspection/static/src/js/portal_inspection_detail.js,304,js_literal,Vui lòng nhập ghi chú khắc phục hoặc chọn ảnh minh chứng trước khi gửi!,,,
wujia_portal_inspection,custom/wujia_portal_inspection/views/portal_inspection_detail_templates.xml,4,qweb_attr,"name=""Wujia Portal — Chi tiết phiếu khảo sát""",,,
wujia_portal_inspection,custom/wujia_portal_inspection/views/portal_inspection_detail_templates.xml,11,qweb_expr,"t-value=""'Chi tiết giám sát'""",,,
wujia_portal_inspection,custom/wujia_portal_inspection/views/portal_inspection_detail_templates.xml,17,qweb_expr,"t-value=""'Chi tiết giám sát'""",,,
wujia_portal_inspection,custom/wujia_portal_inspection/views/portal_inspection_detail_templates.xml,26,qweb_text,Chi tiết giám sát,,,
wujia_portal_inspection,custom/wujia_portal_inspection/views/portal_inspection_detail_templates.xml,27,qweb_text,Portal / Giám sát & Đánh giá / Khảo sát /,,,
wujia_portal_inspection,custom/wujia_portal_inspection/views/portal_inspection_detail_templates.xml,33,qweb_text,Quay lại,,,
wujia_portal_inspection,custom/wujia_portal_inspection/views/portal_inspection_detail_templates.xml,49,qweb_text,Điểm tổng kết,,,
wujia_portal_inspection,custom/wujia_portal_inspection/views/portal_inspection_detail_templates.xml,63,qweb_text,Xếp hạng,,,
wujia_portal_inspection,custom/wujia_portal_inspection/views/portal_inspection_detail_templates.xml,64,qweb_text,LOẠI,,,
wujia_portal_inspection,custom/wujia_portal_inspection/views/portal_inspection_detail_templates.xml,77,qweb_text,Mã tiệm,,,
wujia_portal_inspection,custom/wujia_portal_inspection/views/portal_inspection_detail_templates.xml,92,qweb_text,Ngày giám sát,,,
wujia_portal_inspection,custom/wujia_portal_inspection/views/portal_inspection_detail_templates.xml,105,qweb_text,Kết quả đánh giá chi tiết,,,
wujia_portal_inspection,custom/wujia_portal_inspection/views/portal_inspection_detail_templates.xml,106,qweb_text,Xem chi tiết đánh giá hoặc kết quả bài kiểm tra lý thuyết,,,
wujia_portal_inspection,custom/wujia_portal_inspection/views/portal_inspection_detail_templates.xml,112,qweb_text,Kết quả đánh giá,,,
wujia_portal_inspection,custom/wujia_portal_inspection/views/portal_inspection_detail_templates.xml,114,qweb_text,Bài kiểm tra,,,
wujia_portal_inspection,custom/wujia_portal_inspection/views/portal_inspection_detail_templates.xml,122,qweb_text,Phân bổ kết quả,,,
wujia_portal_inspection,custom/wujia_portal_inspection/views/portal_inspection_detail_templates.xml,168,qweb_text,đ,,,
wujia_portal_inspection,custom/wujia_portal_inspection/views/portal_inspection_detail_templates.xml,170,qweb_text,0đ,,,
wujia_portal_inspection,custom/wujia_portal_inspection/views/portal_inspection_detail_templates.xml,177,qweb_text,đ,,,
wujia_portal_inspection,custom/wujia_portal_inspection/views/portal_inspection_detail_templates.xml,201,qweb_text,ĐẠT,,,
wujia_portal_inspection,custom/wujia_portal_inspection/views/portal_inspection_detail_templates.xml,206,qweb_text,HOÀN THÀNH,,,
wujia_portal_inspection,custom/wujia_portal_inspection/views/portal_inspection_detail_templates.xml,210,qweb_text,ĐÃ PHẢN HỒI,,,
wujia_portal_inspection,custom/wujia_portal_inspection/views/portal_inspection_detail_templates.xml,213,qweb_text,CẦN PHẢN HỒI,,,
wujia_portal_inspection,custom/wujia_portal_inspection/views/portal_inspection_detail_templates.xml,231,qweb_text,MINH CHỨNG LỖI (THANH TRA),,,
wujia_portal_inspection,custom/wujia_portal_inspection/views/portal_inspection_detail_templates.xml,236,qweb_expr,"t-out=""l.get('note') or 'Có lỗi vi phạm cần đăng hình ảnh/ghi chú khắc phục.'""",,,
wujia_portal_inspection,custom/wujia_portal_inspection/views/portal_inspection_detail_templates.xml,245,qweb_text,Gửi phản hồi,,,
wujia_portal_inspection,custom/wujia_portal_inspection/views/portal_inspection_detail_templates.xml,273,qweb_text,PHẢN HỒI KHẮC PHỤC (CỬA HÀNG),,,
wujia_portal_inspection,custom/wujia_portal_inspection/views/portal_inspection_detail_templates.xml,278,qweb_expr,"t-out=""l.get('remediation_note') or 'Đã đính kèm ảnh khắc phục.'""",,,
wujia_portal_inspection,custom/wujia_portal_inspection/views/portal_inspection_detail_templates.xml,287,qweb_attr,"title=""Sửa phản hồi""",,,
wujia_portal_inspection,custom/wujia_portal_inspection/views/portal_inspection_detail_templates.xml,308,qweb_text,Không có bài thi lý thuyết,,,
wujia_portal_inspection,custom/wujia_portal_inspection/views/portal_inspection_detail_templates.xml,309,qweb_text,Phiếu khảo sát này không bao gồm bài thi lý thuyết.,,,
wujia_portal_inspection,custom/wujia_portal_inspection/views/portal_inspection_detail_templates.xml,322,qweb_text,Câu,,,
wujia_portal_inspection,custom/wujia_portal_inspection/views/portal_inspection_detail_templates.xml,326,qweb_text,ĐÚNG,,,
wujia_portal_inspection,custom/wujia_portal_inspection/views/portal_inspection_detail_templates.xml,341,qweb_text,Đáp án đã điền:,,,
wujia_portal_inspection,custom/wujia_portal_inspection/views/portal_inspection_detail_templates.xml,345,qweb_expr,"t-out=""(q_line.answer or '').strip() or 'Bỏ trống'""",,,
wujia_portal_inspection,custom/wujia_portal_inspection/views/portal_inspection_detail_templates.xml,367,qweb_text,TỔNG ĐIỂM KIỂM TRA,,,
wujia_portal_inspection,custom/wujia_portal_inspection/views/portal_inspection_detail_templates.xml,406,qweb_text,Mã tiệm:,,,
wujia_portal_inspection,custom/wujia_portal_inspection/views/portal_inspection_detail_templates.xml,410,qweb_text,Ngày:,,,
wujia_portal_inspection,custom/wujia_portal_inspection/views/portal_inspection_detail_templates.xml,415,qweb_text,XẾP HẠNG,,,
wujia_portal_inspection,custom/wujia_portal_inspection/views/portal_inspection_detail_templates.xml,426,qweb_text,Kết quả đánh giá,,,
wujia_portal_inspection,custom/wujia_portal_inspection/views/portal_inspection_detail_templates.xml,431,qweb_text,Bài kiểm tra,,,
wujia_portal_inspection,custom/wujia_portal_inspection/views/portal_inspection_detail_templates.xml,440,qweb_text,Phân bổ kết quả,,,
wujia_portal_inspection,custom/wujia_portal_inspection/views/portal_inspection_detail_templates.xml,482,qweb_text,đ,,,
wujia_portal_inspection,custom/wujia_portal_inspection/views/portal_inspection_detail_templates.xml,484,qweb_text,0đ,,,
wujia_portal_inspection,custom/wujia_portal_inspection/views/portal_inspection_detail_templates.xml,491,qweb_text,đ,,,
wujia_portal_inspection,custom/wujia_portal_inspection/views/portal_inspection_detail_templates.xml,511,qweb_text,ĐẠT,,,
wujia_portal_inspection,custom/wujia_portal_inspection/views/portal_inspection_detail_templates.xml,516,qweb_text,HOÀN THÀNH,,,
wujia_portal_inspection,custom/wujia_portal_inspection/views/portal_inspection_detail_templates.xml,520,qweb_text,ĐÃ PHẢN HỒI,,,
wujia_portal_inspection,custom/wujia_portal_inspection/views/portal_inspection_detail_templates.xml,522,qweb_text,CẦN PHẢN HỒI,,,
wujia_portal_inspection,custom/wujia_portal_inspection/views/portal_inspection_detail_templates.xml,543,qweb_text,Minh chứng lỗi:,,,
wujia_portal_inspection,custom/wujia_portal_inspection/views/portal_inspection_detail_templates.xml,547,qweb_expr,"t-out=""l.get('note') or 'Có lỗi vi phạm cần đăng hình ảnh/ghi chú khắc phục.'""",,,
wujia_portal_inspection,custom/wujia_portal_inspection/views/portal_inspection_detail_templates.xml,555,qweb_text,Gửi phản hồi cho lỗi này,,,
wujia_portal_inspection,custom/wujia_portal_inspection/views/portal_inspection_detail_templates.xml,583,qweb_text,Phản hồi khắc phục:,,,
wujia_portal_inspection,custom/wujia_portal_inspection/views/portal_inspection_detail_templates.xml,587,qweb_expr,"t-out=""l.get('remediation_note') or 'Đã đính kèm ảnh khắc phục.'""",,,
wujia_portal_inspection,custom/wujia_portal_inspection/views/portal_inspection_detail_templates.xml,596,qweb_attr,"title=""Sửa phản hồi""",,,
wujia_portal_inspection,custom/wujia_portal_inspection/views/portal_inspection_detail_templates.xml,618,qweb_text,Không có bài thi lý thuyết,,,
wujia_portal_inspection,custom/wujia_portal_inspection/views/portal_inspection_detail_templates.xml,620,qweb_text,Phiếu khảo sát này không bao gồm bài thi lý thuyết.,,,
wujia_portal_inspection,custom/wujia_portal_inspection/views/portal_inspection_detail_templates.xml,631,qweb_text,Câu,,,
wujia_portal_inspection,custom/wujia_portal_inspection/views/portal_inspection_detail_templates.xml,636,qweb_text,ĐÚNG,,,
wujia_portal_inspection,custom/wujia_portal_inspection/views/portal_inspection_detail_templates.xml,653,qweb_text,Đáp án đã điền:,,,
wujia_portal_inspection,custom/wujia_portal_inspection/views/portal_inspection_detail_templates.xml,656,qweb_expr,"t-out=""(q_line.answer or '').strip() or 'Bỏ trống'""",,,
wujia_portal_inspection,custom/wujia_portal_inspection/views/portal_inspection_detail_templates.xml,679,qweb_text,Có,,,
wujia_portal_inspection,custom/wujia_portal_inspection/views/portal_inspection_detail_templates.xml,679,qweb_text,mục chưa phản hồi,,,
wujia_portal_inspection,custom/wujia_portal_inspection/views/portal_inspection_list_templates.xml,19,qweb_attr,"placeholder=""Tìm kiếm theo mã phiếu...""",,,
wujia_portal_inspection,custom/wujia_portal_inspection/views/portal_inspection_list_templates.xml,23,qweb_text,Đặt lại,,,
wujia_portal_inspection,custom/wujia_portal_inspection/views/portal_inspection_list_templates.xml,24,qweb_text,Tìm kiếm,Search,,
wujia_portal_inspection,custom/wujia_portal_inspection/views/portal_inspection_list_templates.xml,35,qweb_text,Danh sách phiếu khảo sát,Inspection sheet list,,
wujia_portal_inspection,custom/wujia_portal_inspection/views/portal_inspection_list_templates.xml,36,qweb_text,Theo dõi kết quả đánh giá chất lượng và khắc phục vi phạm,,,
wujia_portal_inspection,custom/wujia_portal_inspection/views/portal_inspection_list_templates.xml,42,qweb_text,Tất cả,All,,
wujia_portal_inspection,custom/wujia_portal_inspection/views/portal_inspection_list_templates.xml,47,qweb_text,Chờ phản hồi,Awaiting reply,,
wujia_portal_inspection,custom/wujia_portal_inspection/views/portal_inspection_list_templates.xml,52,qweb_text,Hoàn thành,,,
wujia_portal_inspection,custom/wujia_portal_inspection/views/portal_inspection_list_templates.xml,63,qweb_text,Không tìm thấy phiếu khảo sát nào,,,
wujia_portal_inspection,custom/wujia_portal_inspection/views/portal_inspection_list_templates.xml,64,qweb_text,Thử thay đổi từ khóa tìm kiếm hoặc chọn tab khác.,,,
wujia_portal_inspection,custom/wujia_portal_inspection/views/portal_inspection_list_templates.xml,73,qweb_text,Mã phiếu,Registration no.,,
wujia_portal_inspection,custom/wujia_portal_inspection/views/portal_inspection_list_templates.xml,74,qweb_text,Ngày giám sát,,,
wujia_portal_inspection,custom/wujia_portal_inspection/views/portal_inspection_list_templates.xml,75,qweb_text,Trạng thái,,,
wujia_portal_inspection,custom/wujia_portal_inspection/views/portal_inspection_list_templates.xml,76,qweb_text,Điểm tổng kết,,,
wujia_portal_inspection,custom/wujia_portal_inspection/views/portal_inspection_list_templates.xml,77,qweb_text,Thao tác,Actions,,
wujia_portal_inspection,custom/wujia_portal_inspection/views/portal_inspection_list_templates.xml,108,qweb_text,Xem chi tiết,View details,,
wujia_portal_inspection,custom/wujia_portal_inspection/views/portal_inspection_list_templates.xml,153,qweb_attr,"placeholder=""Tìm kiếm theo mã phiếu""",,,
wujia_portal_inspection,custom/wujia_portal_inspection/views/portal_inspection_list_templates.xml,161,qweb_text,Tất cả,All,,
wujia_portal_inspection,custom/wujia_portal_inspection/views/portal_inspection_list_templates.xml,166,qweb_text,Chờ phản hồi,Awaiting reply,,
wujia_portal_inspection,custom/wujia_portal_inspection/views/portal_inspection_list_templates.xml,171,qweb_text,Hoàn thành,,,
wujia_portal_inspection,custom/wujia_portal_inspection/views/portal_inspection_list_templates.xml,181,qweb_text,Không tìm thấy phiếu khảo sát nào,,,
wujia_portal_inspection,custom/wujia_portal_inspection/views/portal_inspection_list_templates.xml,182,qweb_text,Thử thay đổi từ khóa tìm kiếm hoặc chọn tab khác.,,,
wujia_portal_inspection,custom/wujia_portal_inspection/views/portal_inspection_list_templates.xml,215,qweb_text,NGÀY GIÁM SÁT,,,
wujia_portal_inspection,custom/wujia_portal_inspection/views/portal_inspection_list_templates.xml,228,qweb_text,ĐIỂM TỔNG KẾT,,,
wujia_portal_inspection,custom/wujia_portal_inspection/views/portal_inspection_list_templates.xml,287,qweb_attr,"name=""Wujia Portal — Khảo sát""",,,
wujia_portal_inspection,custom/wujia_portal_inspection/views/portal_inspection_list_templates.xml,289,qweb_text,Khảo sát,,,
wujia_portal_inspection,custom/wujia_portal_inspection/views/portal_inspection_list_templates.xml,295,qweb_expr,"t-value=""'Danh sách phiếu giám sát'""",,,
wujia_portal_inspection,custom/wujia_portal_inspection/views/portal_inspection_list_templates.xml,300,qweb_expr,"t-value=""'Khảo sát'""",,,
wujia_portal_inspection,custom/wujia_portal_inspection/views/portal_inspection_list_templates.xml,308,qweb_text,Khảo sát & Đánh giá,,,
wujia_portal_inspection,custom/wujia_portal_inspection/views/portal_inspection_list_templates.xml,309,qweb_text,Portal / Giám sát & Đánh giá / Khảo sát,,,
wujia_portal_inspection,custom/wujia_portal_inspection/views/portal_inspection_remediation_templates.xml,6,qweb_attr,"name=""Wujia Portal — Phản hồi khắc phục""",,,
wujia_portal_inspection,custom/wujia_portal_inspection/views/portal_inspection_remediation_templates.xml,13,qweb_expr,"t-value=""'Phản hồi khắc phục'""",,,
wujia_portal_inspection,custom/wujia_portal_inspection/views/portal_inspection_remediation_templates.xml,19,qweb_expr,"t-value=""'Phản hồi khắc phục'""",,,
wujia_portal_inspection,custom/wujia_portal_inspection/views/portal_inspection_remediation_templates.xml,29,qweb_text,Phản hồi khắc phục,,,
wujia_portal_inspection,custom/wujia_portal_inspection/views/portal_inspection_remediation_templates.xml,30,qweb_text,Portal / Giám sát & Đánh giá / Khảo sát / Khắc phục /,,,
wujia_portal_inspection,custom/wujia_portal_inspection/views/portal_inspection_remediation_templates.xml,37,qweb_text,Quay lại,,,
wujia_portal_inspection,custom/wujia_portal_inspection/views/portal_inspection_remediation_templates.xml,45,qweb_text,Cập nhật báo cáo khắc phục,,,
wujia_portal_inspection,custom/wujia_portal_inspection/views/portal_inspection_remediation_templates.xml,46,qweb_text,Vui lòng cung cấp hình ảnh thực tế sau khắc phục và giải trình chi tiết,,,
wujia_portal_inspection,custom/wujia_portal_inspection/views/portal_inspection_remediation_templates.xml,67,qweb_text,KHÔNG ĐẠT,,,
wujia_portal_inspection,custom/wujia_portal_inspection/views/portal_inspection_remediation_templates.xml,84,qweb_text,Admin ghi chú:,,,
wujia_portal_inspection,custom/wujia_portal_inspection/views/portal_inspection_remediation_templates.xml,95,qweb_text,Trước (Thanh tra),,,
wujia_portal_inspection,custom/wujia_portal_inspection/views/portal_inspection_remediation_templates.xml,111,qweb_text,Sau (Khắc phục),,,
wujia_portal_inspection,custom/wujia_portal_inspection/views/portal_inspection_remediation_templates.xml,124,qweb_text,Tải lên ảnh khắc phục,,,
wujia_portal_inspection,custom/wujia_portal_inspection/views/portal_inspection_remediation_templates.xml,126,qweb_text,Nhấn vào đây để chọn ảnh,,,
wujia_portal_inspection,custom/wujia_portal_inspection/views/portal_inspection_remediation_templates.xml,141,qweb_text,Mô tả hành động khắc phục,,,
wujia_portal_inspection,custom/wujia_portal_inspection/views/portal_inspection_remediation_templates.xml,146,qweb_attr,"placeholder=""Nhập chi tiết quá trình khắc phục...""",,,
wujia_portal_inspection,custom/wujia_portal_inspection/views/portal_inspection_remediation_templates.xml,160,qweb_text,THÔNG TIN QUAN TRỌNG,,,
wujia_portal_inspection,custom/wujia_portal_inspection/views/portal_inspection_remediation_templates.xml,163,qweb_text,Phản hồi của bạn sẽ được gửi trực tiếp đến bộ phận QC duyệt chất lượng. Vui lòng gửi ảnh chụp rõ nét và giải trình đầy đủ.,,,
wujia_portal_inspection,custom/wujia_portal_inspection/views/portal_inspection_remediation_templates.xml,174,qweb_text,Hủy,,,
wujia_portal_inspection,custom/wujia_portal_inspection/views/portal_inspection_remediation_templates.xml,176,qweb_text,Gửi phản hồi,,,
wujia_portal_inspection,custom/wujia_portal_inspection/views/portal_inspection_remediation_templates.xml,197,qweb_text,KHÔNG ĐẠT,,,
wujia_portal_inspection,custom/wujia_portal_inspection/views/portal_inspection_remediation_templates.xml,216,qweb_text,Ghi chú vi phạm từ Admin:,,,
wujia_portal_inspection,custom/wujia_portal_inspection/views/portal_inspection_remediation_templates.xml,227,qweb_text,Trước (Thanh tra),,,
wujia_portal_inspection,custom/wujia_portal_inspection/views/portal_inspection_remediation_templates.xml,241,qweb_text,Sau (Khắc phục),,,
wujia_portal_inspection,custom/wujia_portal_inspection/views/portal_inspection_remediation_templates.xml,257,qweb_text,Tải lên ảnh khắc phục,,,
wujia_portal_inspection,custom/wujia_portal_inspection/views/portal_inspection_remediation_templates.xml,258,qweb_text,Nhấn hoặc kéo thả ảnh vào đây,,,
wujia_portal_inspection,custom/wujia_portal_inspection/views/portal_inspection_remediation_templates.xml,269,qweb_text,Mô tả hành động khắc phục,,,
wujia_portal_inspection,custom/wujia_portal_inspection/views/portal_inspection_remediation_templates.xml,274,qweb_attr,"placeholder=""VD: Đã vệ sinh sạch sẽ khu vực cửa kính vào lúc 10:30...""",,,
wujia_portal_inspection,custom/wujia_portal_inspection/views/portal_inspection_remediation_templates.xml,285,qweb_text,THÔNG TIN QUAN TRỌNG,,,
wujia_portal_inspection,custom/wujia_portal_inspection/views/portal_inspection_remediation_templates.xml,288,qweb_text,Phản hồi của bạn sẽ được gửi đến bộ phận kiểm soát chất lượng (QC) để thẩm định lại. Vui lòng đảm bảo hình ảnh rõ nét và mô tả chi tiết để đ,,,
wujia_portal_inspection,custom/wujia_portal_inspection/views/portal_inspection_remediation_templates.xml,300,qweb_text,Gửi phản hồi,,,
wujia_portal_inspection,custom/wujia_portal_inspection/views/portal_inspection_success_templates.xml,13,qweb_text,Gửi phản hồi thành công!,,,
wujia_portal_inspection,custom/wujia_portal_inspection/views/portal_inspection_success_templates.xml,16,qweb_text,Cảm ơn bạn đã gửi phản hồi. Chúng tôi đã ghi nhận thông tin và sẽ phản hồi kết quả sớm nhất.,,,
wujia_portal_inspection,custom/wujia_portal_inspection/views/portal_inspection_success_templates.xml,24,qweb_text,Thông tin phản hồi,,,
wujia_portal_inspection,custom/wujia_portal_inspection/views/portal_inspection_success_templates.xml,28,qweb_text,Mã tiệm:,,,
wujia_portal_inspection,custom/wujia_portal_inspection/views/portal_inspection_success_templates.xml,35,qweb_text,Hạng mục:,,,
wujia_portal_inspection,custom/wujia_portal_inspection/views/portal_inspection_success_templates.xml,37,qweb_expr,"t-out=""modal_data.get('category_name') if modal_data else 'Kiểm tra vệ sinh'""",,,
wujia_portal_inspection,custom/wujia_portal_inspection/views/portal_inspection_success_templates.xml,42,qweb_text,Thời gian:,,,
wujia_portal_inspection,custom/wujia_portal_inspection/views/portal_inspection_success_templates.xml,53,qweb_text,Về danh sách phiếu,,,
wujia_portal_inspection,custom/wujia_portal_inspection/views/portal_inspection_success_templates.xml,57,qweb_text,Xem lại phản hồi,,,
wujia_portal_inspection,custom/wujia_portal_inspection/views/portal_inspection_success_templates.xml,78,qweb_text,Cảnh báo thông tin,,,
wujia_portal_inspection,custom/wujia_portal_inspection/views/portal_inspection_success_templates.xml,79,qweb_text,Vui lòng nhập ghi chú hoặc tải lên ảnh minh chứng trước khi gửi phản hồi!,,,
wujia_portal_inspection,custom/wujia_portal_inspection/views/portal_inspection_success_templates.xml,84,qweb_text,Tự động đóng sau,,,
wujia_portal_inspection,custom/wujia_portal_inspection/views/portal_inspection_success_templates.xml,90,qweb_text,Đã hiểu,,,
wujia_portal_inspection,custom/wujia_portal_inspection/views/sidenav_inherit.xml,8,qweb_attr,"name=""Wujia PC Sidenav — Khảo sát""",,,
wujia_portal_inspection,custom/wujia_portal_inspection/views/sidenav_inherit.xml,17,qweb_text,Khảo sát,,,
wujia_portal_inspection,custom/wujia_portal_inspection/views/sidenav_inherit.xml,27,qweb_attr,"name=""Wujia Mobile BottomSheet — Khảo sát""",,,
wujia_portal_inspection,custom/wujia_portal_inspection/views/sidenav_inherit.xml,32,qweb_text,Khảo sát,,,
wujia_portal_inspection,custom/wujia_portal_inspection/views/sidenav_inherit.xml,33,qweb_text,Xem kết quả đánh giá & khảo sát cửa hàng,,,
