key,option,VN,CN,TH
Franchise Management,"model:ir.ui.menu,name:wujia_franchise.menu_wujia_root",Cửa Hàng Nhượng Quyền,加盟管理,ร้านค้าแฟรนไชส์
Operations,"model:ir.ui.menu,name:wujia_franchise.menu_wujia_operation_root",Vận hành,營運,ดำเนินงาน
Franchise Management,"model:ir.ui.menu,name:wujia_franchise.menu_wujia_franchise_management",Quản lý nhượng quyền,加盟管理,การจัดการแฟรนไชส์
Franchise Members,"model:ir.ui.menu,name:wujia_franchise.menu_wujia_franchise_member",Thành viên nhượng quyền,加盟成員,สมาชิกแฟรนไชส์
Store Supervision,"model:ir.ui.menu,name:wujia_franchise.menu_wujia_inspection_supervision_root",Giám sát cửa hàng,門店監督,หัวหน้างานร้านค้า
Supervision Sheets,"model:ir.ui.menu,name:wujia_franchise.menu_wujia_inspection_sheet",Phiếu giám sát,督導表,แบบฟอร์มการติดตาม
Supervision Schedule,"model:ir.ui.menu,name:wujia_franchise.menu_wujia_inspection_schedule",Lịch giám sát,監督排程,ตารางการตรวจสอบ
Stores Needing Supervision,"model:ir.ui.menu,name:wujia_franchise.menu_wujia_inspection_pending_store",Cửa hàng cần giám sát,待監督門店,ร้านค้าแห่งนี้ต้องการการดูแลควบคุม
Pending Remediation,"model:ir.ui.menu,name:wujia_franchise.menu_wujia_inspection_remediation",Chờ xử lý khắc phục,待改善,กำลังรอให้ปัญหาได้รับการแก้ไข
Supervision History,"model:ir.ui.menu,name:wujia_franchise.menu_wujia_inspection_history",Lịch sử giám sát,監督紀錄,ประวัติการติดตาม
Supervision Configuration,"model:ir.ui.menu,name:wujia_franchise.menu_wujia_inspection_config_root",Cấu hình giám sát,監督設定,การกำหนดค่าการตรวจสอบ
Supervision Templates,"model:ir.ui.menu,name:wujia_franchise.menu_wujia_inspection_template",Mẫu phiếu giám sát,監督表範本,แม่แบบแบบฟอร์มการติดตาม
Criterion Categories,"model:ir.ui.menu,name:wujia_franchise.menu_wujia_inspection_category",Danh mục tiêu chí,評核項目分類,รายการเกณฑ์
Question Bank,"model:ir.ui.menu,name:wujia_franchise.menu_wujia_inspection_question_bank",Thư viện câu hỏi kiểm tra,考題題庫,คลังคำถามทดสอบ
Supervision Ranking,"model:ir.ui.menu,name:wujia_franchise.menu_wujia_inspection_ranking",Xếp hạng giám sát,監督排名,การประเมินการกำกับดูแล
Reports,"model:ir.ui.menu,name:wujia_franchise.menu_wujia_inspection_report_root",Báo cáo,報告,รายงาน
Supervision Result Analysis,"model:ir.ui.menu,name:wujia_franchise.menu_wujia_inspection_report_result",Phân tích kết quả giám sát,監督結果分析,การวิเคราะห์ผลการติดตาม
Violation Analysis,"model:ir.ui.menu,name:wujia_franchise.menu_wujia_inspection_report_violation",Phân tích tiêu chí vi phạm,違規項目分析,การวิเคราะห์เกณฑ์การละเมิด
Configuration,"model:ir.ui.menu,name:wujia_franchise.menu_wujia_config_root",Cấu hình,設定,การกำหนดค่า
Area Management,"model:ir.ui.menu,name:wujia_franchise.menu_wujia_config_area_root",Quản lý khu vực,區域管理,การจัดการพื้นที่
Areas,"model:ir.ui.menu,name:wujia_franchise.menu_wujia_config_area",Khu vực,區域,พื้นที่
State / City,"model:ir.ui.menu,name:wujia_franchise.menu_wujia_config_state",Tỉnh / Thành phố,省／市,จังหวัด/เมือง
Ward / Commune,"model:ir.ui.menu,name:wujia_franchise.menu_wujia_config_ward",Phường / Xã,坊／社,เขต/ชุมชน
Supervision Sheets,"model:ir.actions.act_window,name:wujia_franchise.action_wujia_franchise_inspection",Phiếu giám sát,監督表,แบบฟอร์มการติดตาม
Name,"model:ir.model.fields,field_description:wujia_franchise.field_wujia_franchise_inspection__name",Tên phiếu khảo sát,評核表名稱,ชื่อแบบฟอร์มสำรวจ
Store,"model:ir.model.fields,field_description:wujia_franchise.field_wujia_franchise_inspection__franchise_id",Cửa hàng,門店,ร้านค้า
Supervision Template,"model:ir.model.fields,field_description:wujia_franchise.field_wujia_franchise_inspection__template_id",Mẫu khảo sát,評核範本,แบบฟอร์มสำรวจ
Inspector,"model:ir.model.fields,field_description:wujia_franchise.field_wujia_franchise_inspection__inspector_user_id",Người kiểm tra,檢查人員,ผู้ตรวจสอบ
Tested Employee,"model:ir.model.fields,field_description:wujia_franchise.field_wujia_franchise_inspection__test_employee_name",Nhân viên được kiểm tra,受檢員工,พนักงานคนดังกล่าวถูกตรวจสอบแล้ว
Planned Date,"model:ir.model.fields,field_description:wujia_franchise.field_wujia_franchise_inspection__planned_date",Ngày dự kiến,預計日期,วันที่คาดการณ์
Total Score,"model:ir.model.fields,field_description:wujia_franchise.field_wujia_franchise_inspection__total_score",Tổng điểm,總分,คะแนนรวม
Grade,"model:ir.model.fields,field_description:wujia_franchise.field_wujia_franchise_inspection__grade_id",Xếp loại,評等,อันดับ
Status,"model:ir.model.fields,field_description:wujia_franchise.field_wujia_franchise_inspection__state",Trạng thái,狀態,สถานะ
Franchise Management,"model:ir.actions.act_window,name:wujia_franchise.action_franchise_management",Quản lý nhượng quyền,加盟管理,การจัดการแฟรนไชส์
Code,"model:ir.model.fields,field_description:wujia_franchise.field_wujia_franchise_management__code",Mã cửa hàng,店號,รหัสร้านค้า
Name,"model:ir.model.fields,field_description:wujia_franchise.field_wujia_franchise_management__name",Tên cửa hàng,門店名稱,ชื่อร้านค้า
Area,"model:ir.model.fields,field_description:wujia_franchise.field_wujia_franchise_management__area_id",Khu vực,區域,พื้นที่
Primary Owner,"model:ir.model.fields,field_description:wujia_franchise.field_wujia_franchise_management__main_owner_member_id",Chủ sở hữu chính,主要負責人,เจ้าของหลัก
Franchise Expiration Date,"model:ir.model.fields,field_description:wujia_franchise.field_wujia_franchise_management__franchise_end_date",Ngày hết hạn nhượng quyền,加盟合約到期日,วันหมดอายุของแฟรนไชส์
Remaining Days,"model:ir.model.fields,field_description:wujia_franchise.field_wujia_franchise_management__remaining_days",Số ngày còn lại,剩餘天數,จำนวนวันที่เหลือ
Member Count,"model:ir.model.fields,field_description:wujia_franchise.field_wujia_franchise_management__member_count",Số lượng thành viên,人員數,จำนวนสมาชิก
Supervisor,"model:ir.model.fields,field_description:wujia_franchise.field_wujia_franchise_management__effective_supervision_user_id",Người giám sát,監督人員,หัวหน้างาน
Latest Inspection Date,"model:ir.model.fields,field_description:wujia_franchise.field_wujia_franchise_management__latest_inspection_date",Ngày khảo sát gần nhất,最近監督日期,วันที่ทำการสำรวจครั้งล่าสุด
Latest Score,"model:ir.model.fields,field_description:wujia_franchise.field_wujia_franchise_management__latest_total_score",Điểm đánh giá mới nhất,最新監督分數,คะแนนล่าสุด
Latest Grade,"model:ir.model.fields,field_description:wujia_franchise.field_wujia_franchise_management__latest_grade_id",Xếp loại mới nhất,最新評等,อันดับล่าสุด
Status,"model:ir.model.fields,field_description:wujia_franchise.field_wujia_franchise_management__status",Trạng thái,狀態,สถานะ
Store Supervision Schedule,"model:ir.actions.act_window,name:wujia_franchise.action_wujia_supervision_schedule",Lịch giám sát cửa hàng,門店監督排程,ตารางการตรวจสอบร้านค้า
Draft,"model:ir.model.fields.selection,name:wujia_franchise.selection__wujia_franchise_inspection__state__draft",Nháp,草稿,ตี
In Progress,"model:ir.model.fields.selection,name:wujia_franchise.selection__wujia_franchise_inspection__state__in_progress",Đang thực hiện,進行中,กำลังดำเนินการ
Done,"model:ir.model.fields.selection,name:wujia_franchise.selection__wujia_franchise_inspection__state__done",Hoàn thành,已完成,สมบูรณ์
Need Remediation,"model:ir.model.fields.selection,name:wujia_franchise.selection__wujia_franchise_inspection__state__need_remediation",Cần khắc phục,待改善,ต้องแก้ไข
Cancelled,"model:ir.model.fields.selection,name:wujia_franchise.selection__wujia_franchise_inspection__state__cancel",Đã hủy,已取消,ยกเลิก
Store Supervision Schedule,"model:ir.actions.act_window,name:wujia_franchise.action_wujia_supervision_schedule",Lịch giám sát cửa hàng,門店監督排程,ตารางการตรวจสอบร้านค้า
Store Supervision Schedule,"model_terms:ir.ui.view,arch_db:wujia_franchise.view_wujia_supervision_schedule_tree",Lịch giám sát cửa hàng,門店監督排程,ตารางการตรวจสอบร้านค้า
Store Supervision Schedule,"model_terms:ir.ui.view,arch_db:wujia_franchise.view_wujia_supervision_schedule_calendar",Lịch giám sát cửa hàng,門店監督排程,ตารางการตรวจสอบร้านค้า
Supervision Schedule,"model_terms:ir.ui.view,arch_db:wujia_franchise.view_wujia_supervision_schedule_form",Lịch giám sát,監督排程,ตารางการตรวจสอบ
Supervision Sheet,"model_terms:ir.ui.view,arch_db:wujia_franchise.view_wujia_supervision_schedule_form",Phiếu khảo sát,監督表,แบบฟอร์มสำรวจ
Job Title,"model_terms:ir.ui.view,arch_db:wujia_franchise.view_wujia_supervision_schedule_form",Tiêu đề công việc,工作標題,ตำแหน่งงาน
e.g. July Regular Supervision,"model_terms:ir.ui.view,arch_db:wujia_franchise.view_wujia_supervision_schedule_form",Ví dụ: Giám sát định kỳ tháng 7,例如：7月份定期監督,ตัวอย่าง: การตรวจสอบรายเดือนในเดือนกรกฎาคม
STORE INFORMATION,"model_terms:ir.ui.view,arch_db:wujia_franchise.view_wujia_supervision_schedule_form",THÔNG TIN CỬA HÀNG,門店資訊,ข้อมูลร้านค้า
Address & Phone,"model_terms:ir.ui.view,arch_db:wujia_franchise.view_wujia_supervision_schedule_form",Địa chỉ & Điện thoại,地址與電話,ที่อยู่และหมายเลขโทรศัพท์
Location,"model_terms:ir.ui.view,arch_db:wujia_franchise.view_wujia_supervision_schedule_form",Định vị,定位,ที่ตั้ง
Open Google Maps,"model_terms:ir.ui.view,arch_db:wujia_franchise.view_wujia_supervision_schedule_form",Mở Google Maps,開啟谷歌地圖,เปิด Google Maps
LATEST EVALUATION TIME & RESULT,"model_terms:ir.ui.view,arch_db:wujia_franchise.view_wujia_supervision_schedule_form",THỜI GIAN & KẾT QUẢ ĐÁNH GIÁ GẦN NHẤT,最近監督時間與結果,เวลาและผลการประเมินล่าสุด
Supervision Time,"model_terms:ir.ui.view,arch_db:wujia_franchise.view_wujia_supervision_schedule_form",Thời gian giám sát,監督時間,เวลาตรวจสอบ
Latest Score,"model_terms:ir.ui.view,arch_db:wujia_franchise.view_wujia_supervision_schedule_form",Điểm mới nhất,最新分數,ข่าวล่าสุด
Latest Grade,"model_terms:ir.ui.view,arch_db:wujia_franchise.view_wujia_supervision_schedule_form",Loại đánh giá mới nhất,最新評核,ประเภทรีวิวล่าสุด
Add detailed notes...,"model_terms:ir.ui.view,arch_db:wujia_franchise.view_wujia_supervision_schedule_form",Thêm ghi chú chi tiết...,添加詳細備註...,เพิ่มบันทึกรายละเอียดเพิ่มเติม...
Search Supervision Schedule,"model_terms:ir.ui.view,arch_db:wujia_franchise.view_wujia_supervision_schedule_search",Tìm kiếm Lịch giám sát,搜尋監督排程,ค้นหาตารางการตรวจสอบ
My Schedule,"model_terms:ir.ui.view,arch_db:wujia_franchise.view_wujia_supervision_schedule_search",Lịch của tôi,我的排程,ปฏิทินของฉัน
Name,"model:ir.model.fields,field_description:wujia_franchise.field_wujia_supervision_schedule__name",Tiêu đề,標題,ชื่อ
Store,"model:ir.model.fields,field_description:wujia_franchise.field_wujia_supervision_schedule__store_id",Cửa hàng,門店,ร้านค้า
Supervisor,"model:ir.model.fields,field_description:wujia_franchise.field_wujia_supervision_schedule__user_id",Nhân viên giám sát,監督人員,หัวหน้างาน
Supervision Date,"model:ir.model.fields,field_description:wujia_franchise.field_wujia_supervision_schedule__date",Thời gian giám sát,監督時間,เวลาตรวจสอบ
Status,"model:ir.model.fields,field_description:wujia_franchise.field_wujia_supervision_schedule__state",Trạng thái,狀態,สถานะ
Notes,"model:ir.model.fields,field_description:wujia_franchise.field_wujia_supervision_schedule__note",Ghi chú,備註,บันทึก
Supervision Sheet,"model:ir.model.fields,field_description:wujia_franchise.field_wujia_supervision_schedule__inspection_id",Phiếu khảo sát,監督表,แบบฟอร์มสำรวจ
Supervision Sheet Count,"model:ir.model.fields,field_description:wujia_franchise.field_wujia_supervision_schedule__inspection_count",Số phiếu khảo sát,監督表編號,จำนวนการตอบแบบสอบถาม
Latest Supervision Sheet,"model:ir.model.fields,field_description:wujia_franchise.field_wujia_supervision_schedule__latest_inspection_id",Phiếu khảo sát mới nhất,最新監督表,แบบฟอร์มสำรวจล่าสุด
Latest Score,"model:ir.model.fields,field_description:wujia_franchise.field_wujia_supervision_schedule__latest_total_score",Điểm mới nhất,最新分數,ข่าวล่าสุด
Latest Grade,"model:ir.model.fields,field_description:wujia_franchise.field_wujia_supervision_schedule__latest_grade_id",Loại đánh giá mới nhất,最新評核,ประเภทรีวิวล่าสุด
Address,"model:ir.model.fields,field_description:wujia_franchise.field_wujia_supervision_schedule__address",Địa chỉ,地址,ที่อยู่
Phone Number,"model:ir.model.fields,field_description:wujia_franchise.field_wujia_supervision_schedule__phone",Số điện thoại,電話號碼,หมายเลขโทรศัพท์
Google Maps Location,"model:ir.model.fields,field_description:wujia_franchise.field_wujia_supervision_schedule__google_map_url",Vị trí Google Maps,谷歌地圖位置,ตำแหน่งบน Google Maps
Draft,"model:ir.model.fields.selection,name:wujia_franchise.selection__wujia_supervision_schedule__state__draft",Nháp,草稿,ตี
In Progress,"model:ir.model.fields.selection,name:wujia_franchise.selection__wujia_supervision_schedule__state__in_progress",Đang thực hiện,進行中,กำลังดำเนินการ
Need Remediation,"model:ir.model.fields.selection,name:wujia_franchise.selection__wujia_supervision_schedule__state__need_remediation",Cần khắc phục,待改善,ต้องแก้ไข
Done,"model:ir.model.fields.selection,name:wujia_franchise.selection__wujia_supervision_schedule__state__done",Hoàn thành,已完成,สมบูรณ์
Cancelled,"model:ir.model.fields.selection,name:wujia_franchise.selection__wujia_supervision_schedule__state__cancel",Đã hủy,已取消,ยกเลิก
Supervision Sheets,"model_terms:ir.ui.view,arch_db:wujia_franchise.view_wujia_franchise_inspection_tree",Phiếu khảo sát,監督表,แบบฟอร์มสำรวจ
Franchise Store Supervision Sheet,"model_terms:ir.ui.view,arch_db:wujia_franchise.view_wujia_franchise_inspection_form",Phiếu khảo sát đánh giá cửa hàng nhượng quyền,加盟門店監督表,แบบฟอร์มสำรวจประเมินผลร้านแฟรนไชส์
Total Score,"model_terms:ir.ui.view,arch_db:wujia_franchise.view_wujia_franchise_inspection_form",Tổng điểm,總分,คะแนนรวม
Start Inspection,"model_terms:ir.ui.view,arch_db:wujia_franchise.view_wujia_franchise_inspection_form",Bắt đầu thực hiện,開始執行,เริ่มดำเนินการ
Need Remediation,"model_terms:ir.ui.view,arch_db:wujia_franchise.view_wujia_franchise_inspection_form",Cần khắc phục,待改善,ต้องแก้ไข
Complete,"model_terms:ir.ui.view,arch_db:wujia_franchise.view_wujia_franchise_inspection_form",Hoàn thành,已完成,สมบูรณ์
Cancel,"model_terms:ir.ui.view,arch_db:wujia_franchise.view_wujia_franchise_inspection_form",Hủy,取消,ยกเลิก
Set to Draft,"model_terms:ir.ui.view,arch_db:wujia_franchise.view_wujia_franchise_inspection_form",Đặt về Nháp,設為草稿,คำสั่งให้ร่าง
Inspections,"model_terms:ir.ui.view,arch_db:wujia_franchise.view_wujia_franchise_inspection_form",Khảo sát,評核,สำรวจ
Supervision Sheet Name,"model_terms:ir.ui.view,arch_db:wujia_franchise.view_wujia_franchise_inspection_form",Tên phiếu khảo sát,評核表名稱,ชื่อแบบฟอร์มสำรวจ
e.g. July Regular Supervision,"model_terms:ir.ui.view,arch_db:wujia_franchise.view_wujia_franchise_inspection_form",Mã phiếu tự động sinh (VD: PGS-HN_ST042-0001)...,自動建立監督表編號（例如：PGS-HN_ST042-0001）...,รหัสตั๋วที่สร้างขึ้นโดยอัตโนมัติ (เช่น PGS-HN_ST042-0001)...
Group Store Info,"model_terms:ir.ui.view,arch_db:wujia_franchise.view_wujia_franchise_inspection_form",THÔNG TIN KHẢO SÁT & CỬA HÀNG,評核與門店資訊,ข้อมูลแบบสำรวจและร้านค้า
Group Time History,"model_terms:ir.ui.view,arch_db:wujia_franchise.view_wujia_franchise_inspection_form",THỜI GIAN & LỊCH SỬ,時間與歷史紀錄,เวลาและประวัติศาสตร์
Group Employee Survey,"model_terms:ir.ui.view,arch_db:wujia_franchise.view_wujia_franchise_inspection_form",KHẢO SÁT NHÂN VIÊN,員工評核,แบบสำรวจพนักงาน
Employee Name,"model_terms:ir.ui.view,arch_db:wujia_franchise.view_wujia_franchise_inspection_form",Tên nhân viên tại cửa hàng...,店員姓名...,ชื่อพนักงานในร้าน...
Tenure,"model_terms:ir.ui.view,arch_db:wujia_franchise.view_wujia_franchise_inspection_form",Số tháng / năm làm việc...,工作月數／年資...,จำนวนเดือน/ปีที่ทำงาน...
Group Next Plan,"model_terms:ir.ui.view,arch_db:wujia_franchise.view_wujia_franchise_inspection_form",KẾ HOẠCH TIẾP THEO,後續計畫,แผนต่อไป
Next Due Date,"model_terms:ir.ui.view,arch_db:wujia_franchise.view_wujia_franchise_inspection_form",Lần kiểm tra kế tiếp,下一次監督,การทดสอบครั้งต่อไป
Title Create Next Schedule,"model_terms:ir.ui.view,arch_db:wujia_franchise.view_wujia_franchise_inspection_form",Tạo / Mở Lịch giám sát tiếp theo,建立／開啟下一次監督排程,สร้าง/เปิดตารางการตรวจสอบถัดไป
Group Component Scores,"model_terms:ir.ui.view,arch_db:wujia_franchise.view_wujia_franchise_inspection_form",ĐIỂM THÀNH PHẦN,分項分數,คะแนนองค์ประกอบ
Group Result Grade,"model_terms:ir.ui.view,arch_db:wujia_franchise.view_wujia_franchise_inspection_form",KẾT QUẢ & XẾP LOẠI,結果與評等,ผลการแข่งขันและอันดับ
Page Checklist,"model_terms:ir.ui.view,arch_db:wujia_franchise.view_wujia_franchise_inspection_form",Danh sách Tiêu chí Checklist,Checklist 評核項目清單,รายการตรวจสอบเกณฑ์
Content Snapshot,"model_terms:ir.ui.view,arch_db:wujia_franchise.view_wujia_franchise_inspection_form",Nội dung kiểm tra checklist,Checklist 檢查內容,เนื้อหาในรายการตรวจสอบ
Is Pass,"model_terms:ir.ui.view,arch_db:wujia_franchise.view_wujia_franchise_inspection_form",Đánh giá,評核,ประเมิน
Previous Result,"model_terms:ir.ui.view,arch_db:wujia_franchise.view_wujia_franchise_inspection_form",Đợt trước,上一次,ก่อนหน้า
Title View Prev Inspection,"model_terms:ir.ui.view,arch_db:wujia_franchise.view_wujia_franchise_inspection_form",Xem chi tiết phiếu khảo sát đợt trước,查看上一次監督表詳細內容,ดูรายละเอียดของแบบสำรวจครั้งก่อน
Violation Note,"model_terms:ir.ui.view,arch_db:wujia_franchise.view_wujia_franchise_inspection_form",Ghi chú vi pham...,違規備註...,หนังสือแจ้งเตือนการฝ่าฝืน...
Evidence Image,"model_terms:ir.ui.view,arch_db:wujia_franchise.view_wujia_franchise_inspection_form",Bằng chứng vi phạm,違規證明,หลักฐานการละเมิด
Remediation Note,"model_terms:ir.ui.view,arch_db:wujia_franchise.view_wujia_franchise_inspection_form",Ghi chú khắc phục của cửa hàng...,門店改善備註...,หมายเหตุการแก้ไขปัญหาจากทางร้าน...
Remediation Image,"model_terms:ir.ui.view,arch_db:wujia_franchise.view_wujia_franchise_inspection_form",Ảnh sau khắc phục,改善後照片,ภาพถ่ายหลังการปรับแต่ง
Page Exam,"model_terms:ir.ui.view,arch_db:wujia_franchise.view_wujia_franchise_inspection_form",Bài kiểm tra nhân viên,員工測驗,การทดสอบพนักงาน
Submit Exam,"model_terms:ir.ui.view,arch_db:wujia_franchise.view_wujia_franchise_inspection_form",Nộp bài kiểm tra,提交測驗,ส่งแบบทดสอบ
Quest Code,"model_terms:ir.ui.view,arch_db:wujia_franchise.view_wujia_franchise_inspection_form",Mã câu hỏi,題目編號,รหัสคำถาม
Quest Content,"model_terms:ir.ui.view,arch_db:wujia_franchise.view_wujia_franchise_inspection_form",Nội dung câu hỏi,題目內容,เนื้อหาคำถาม
Answer,"model_terms:ir.ui.view,arch_db:wujia_franchise.view_wujia_franchise_inspection_form",👉 Nhập câu trả lời của nhân viên tại đây...,👉 請在此輸入員工答案...,👉 กรุณาป้อนคำตอบของพนักงานของคุณที่นี่...
Point,"model_terms:ir.ui.view,arch_db:wujia_franchise.view_wujia_franchise_inspection_form",Điểm,分數,จุด
Page Confirmation,"model_terms:ir.ui.view,arch_db:wujia_franchise.view_wujia_franchise_inspection_form",Xác nhận phiếu,確認單子,ยืนยันแบบฟอร์ม
Group System Confirmer,"model_terms:ir.ui.view,arch_db:wujia_franchise.view_wujia_franchise_inspection_form",Người xác nhận hệ thống,系統確認人員,ตัวตรวจสอบระบบ
Group Manager Confirmer,"model_terms:ir.ui.view,arch_db:wujia_franchise.view_wujia_franchise_inspection_form",Quản lý cửa hàng xác nhận,門店管理員確認,ผู้จัดการร้านยืนยันแล้ว
Search Title,"model_terms:ir.ui.view,arch_db:wujia_franchise.view_wujia_franchise_inspection_form",Tìm kiếm Phiếu khảo sát,搜尋監督表,ค้นหาแบบฟอร์มสำรวจ
Filter My Inspection,"model_terms:ir.ui.view,arch_db:wujia_franchise.view_wujia_franchise_inspection_form",Phiếu của tôi,我的監督表,ตั๋วของฉัน
Filter Planned Date,"model_terms:ir.ui.view,arch_db:wujia_franchise.view_wujia_franchise_inspection_form",Thời gian kiểm tra,檢查時間,เวลาสอบ
Filter Draft,"model_terms:ir.ui.view,arch_db:wujia_franchise.view_wujia_franchise_inspection_form",Đang chờ (Draft),待處理（草稿）,รอ (ฉบับร่าง)
Filter In Progress,"model_terms:ir.ui.view,arch_db:wujia_franchise.view_wujia_franchise_inspection_form",Đang thực hiện,進行中,กำลังดำเนินการ
Filter Need Remediation,"model_terms:ir.ui.view,arch_db:wujia_franchise.view_wujia_franchise_inspection_form",Cần khắc phục,待改善,ต้องแก้ไข
Filter Done,"model_terms:ir.ui.view,arch_db:wujia_franchise.view_wujia_franchise_inspection_form",Hoàn thành,已完成,สมบูรณ์
Filter Cancel,"model_terms:ir.ui.view,arch_db:wujia_franchise.view_wujia_franchise_inspection_form",Đã hủy,已取消,ยกเลิก
Grade A,"model_terms:ir.ui.view,arch_db:wujia_franchise.view_wujia_franchise_inspection_search",Xếp loại A,A級,เกรดเอ
Grade B,"model_terms:ir.ui.view,arch_db:wujia_franchise.view_wujia_franchise_inspection_search",Xếp loại B,B級,เกรด บี
Grade C,"model_terms:ir.ui.view,arch_db:wujia_franchise.view_wujia_franchise_inspection_search",Xếp loại C,C級,เกรดซี
Grade D,"model_terms:ir.ui.view,arch_db:wujia_franchise.view_wujia_franchise_inspection_search",Xếp loại D,D級,เกรด D
Store,"model_terms:ir.ui.view,arch_db:wujia_franchise.view_wujia_franchise_inspection_search",Cửa hàng,門店,ร้านค้า
Inspector,"model_terms:ir.ui.view,arch_db:wujia_franchise.view_wujia_franchise_inspection_search",Người kiểm tra,檢查人員,ผู้ตรวจสอบ
Status,"model_terms:ir.ui.view,arch_db:wujia_franchise.view_wujia_franchise_inspection_search",Trạng thái,狀態,สถานะ
Grade,"model_terms:ir.ui.view,arch_db:wujia_franchise.view_wujia_franchise_inspection_search",Xếp loại,評等,อันดับ
Time (By Month),"model_terms:ir.ui.view,arch_db:wujia_franchise.view_wujia_franchise_inspection_search",Thời gian (Theo Tháng),時間（按月份）,ระยะเวลา (รายเดือน)
Time (By Day),"model_terms:ir.ui.view,arch_db:wujia_franchise.view_wujia_franchise_inspection_search",Thời gian (Theo Ngày),時間（按日期）,เวลา (ต่อวัน)
Pass,"model:ir.model.fields.selection,name:wujia_franchise.selection__wujia_franchise_inspection_line__result__pass",Đạt,合格,รับ
Fail,"model:ir.model.fields.selection,name:wujia_franchise.selection__wujia_franchise_inspection_line__result__fail",Không đạt,不合格,ล้มเหลว
Need Remediation,"model:ir.model.fields.selection,name:wujia_franchise.selection__wujia_franchise_inspection_line__remediation_state__need_remediation",Cần phản hồi,待回覆,ต้องการรับฟังความคิดเห็น
Remediated,"model:ir.model.fields.selection,name:wujia_franchise.selection__wujia_franchise_inspection_line__remediation_state__remediated",Đã phản hồi,已回覆,ได้รับคำตอบแล้ว
Done,"model:ir.model.fields.selection,name:wujia_franchise.selection__wujia_franchise_inspection_line__remediation_state__done",Đã duyệt (Hoàn thành),已核准（完成）,อนุมัติแล้ว (เสร็จสมบูรณ์)
Pass,"model:ir.model.fields.selection,name:wujia_franchise.selection__wujia_franchise_inspection_line__previous_result__pass",Đạt,合格,รับ
Fail,"model:ir.model.fields.selection,name:wujia_franchise.selection__wujia_franchise_inspection_line__previous_result__fail",Không đạt,不合格,ล้มเหลว
Submit Date,"model:ir.model.fields,field_description:wujia_franchise.field_wujia_franchise_inspection__submit_date",Ngày nộp,提交日期,วันที่ส่งเอกสาร
Confirm Date,"model:ir.model.fields,field_description:wujia_franchise.field_wujia_franchise_inspection__confirm_date",Ngày xác nhận,確認日期,วันที่ยืนยัน
Checklist Score,"model:ir.model.fields,field_description:wujia_franchise.field_wujia_franchise_inspection__checklist_score",Điểm checklist,Checklist 分數,คะแนนเช็คลิสต์
Exam Score,"model:ir.model.fields,field_description:wujia_franchise.field_wujia_franchise_inspection__exam_score",Điểm kiểm tra,測驗分數,ด่าน
Next Due Date,"model:ir.model.fields,field_description:wujia_franchise.field_wujia_franchise_inspection__next_due_date",Lần kiểm tra kế tiếp,下一次檢查,การทดสอบครั้งต่อไป
Next Schedule Id,"model:ir.model.fields,field_description:wujia_franchise.field_wujia_franchise_inspection__next_schedule_id",Lịch giám sát tiếp theo,下一次監督排程,ตารางการตรวจสอบครั้งต่อไป
Tenure,"model:ir.model.fields,field_description:wujia_franchise.field_wujia_franchise_inspection__tenure",Thâm niên,年資,ความอาวุโส
Video,"model:ir.model.fields,field_description:wujia_franchise.field_wujia_franchise_inspection__video",Video,視頻,วิดีโอ
Schedule Id,"model:ir.model.fields,field_description:wujia_franchise.field_wujia_franchise_inspection__schedule_id",Lịch giám sát,監督排程,ตารางการตรวจสอบ
Previous Inspection Id,"model:ir.model.fields,field_description:wujia_franchise.field_wujia_franchise_inspection__previous_inspection_id",Phiếu khảo sát trước,上一次監督表,แบบฟอร์มสำรวจเบื้องต้น
Line Ids,"model:ir.model.fields,field_description:wujia_franchise.field_wujia_franchise_inspection__line_ids",Chi tiết tiêu chí,評核項目詳細內容,รายละเอียดเกณฑ์
Exam Line Ids,"model:ir.model.fields,field_description:wujia_franchise.field_wujia_franchise_inspection__exam_line_ids",Chi tiết bài kiểm tra,測驗詳細內容,รายละเอียดการทดสอบ
Confirmed User Id,"model:ir.model.fields,field_description:wujia_franchise.field_wujia_franchise_inspection__confirmed_user_id",Người xác nhận hệ thống,系統確認人員,ตัวตรวจสอบระบบ
Confirmed Member Id,"model:ir.model.fields,field_description:wujia_franchise.field_wujia_franchise_inspection__confirmed_member_id",Quản lý cửa hàng xác nhận,門店管理員確認,ผู้จัดการร้านยืนยันแล้ว
Sequence,"model:ir.model.fields,field_description:wujia_franchise.field_wujia_franchise_inspection_line__sequence",Thứ tự,順序,คำสั่ง
Display Type,"model:ir.model.fields,field_description:wujia_franchise.field_wujia_franchise_inspection_line__display_type",Phân loại,分類,จัดประเภท
Content Snapshot,"model:ir.model.fields,field_description:wujia_franchise.field_wujia_franchise_inspection_line__content_snapshot",Nội dung kiểm tra checklist,Checklist 檢查內容,เนื้อหาในรายการตรวจสอบ
Deduction Score Snapshot,"model:ir.model.fields,field_description:wujia_franchise.field_wujia_franchise_inspection_line__deduction_score_snapshot",Điểm trừ,扣分,ข้อเสีย
Criterion Type Snapshot,"model:ir.model.fields,field_description:wujia_franchise.field_wujia_franchise_inspection_line__criterion_type_snapshot",Loại tiêu chí,評核項目類型,ประเภทของเกณฑ์
Is Pass,"model:ir.model.fields,field_description:wujia_franchise.field_wujia_franchise_inspection_line__is_pass",Đánh giá Đạt (Pass),評核通過（Pass）,การประเมินผ่าน
Result,"model:ir.model.fields,field_description:wujia_franchise.field_wujia_franchise_inspection_line__result",Kết quả,結果,ผลลัพธ์
Notes,"model:ir.model.fields,field_description:wujia_franchise.field_wujia_franchise_inspection_line__note",Ghi chú vi phạm (Admin),違規備註（管理員）,หมายเหตุการละเมิด (ฝ่ายบริหาร)
Remediation State,"model:ir.model.fields,field_description:wujia_franchise.field_wujia_franchise_inspection_line__remediation_state",Trạng thái khắc phục,改善狀態,สถานะการฟื้นตัว
Remediation Notes,"model:ir.model.fields,field_description:wujia_franchise.field_wujia_franchise_inspection_line__remediation_note",Ghi chú khắc phục (Cửa hàng),改善備註（門店）,หมายเหตุการแก้ไขปัญหา (ร้านค้า)
Evidence Image,"model:ir.model.fields,field_description:wujia_franchise.field_wujia_franchise_inspection_line__evidence_image",Hình ảnh bằng chứng (Khi khảo sát),證明照片（評核時）,หลักฐานภาพถ่าย (ระหว่างการสำรวจ)
Remediation Image,"model:ir.model.fields,field_description:wujia_franchise.field_wujia_franchise_inspection_line__remediation_image",Ảnh sau khắc phục,改善後照片,ภาพถ่ายหลังการปรับแต่ง
Previous Line Id,"model:ir.model.fields,field_description:wujia_franchise.field_wujia_franchise_inspection_line__previous_line_id",Line trước,上一次 Line,บรรทัดก่อนหน้า
Previous Result,"model:ir.model.fields,field_description:wujia_franchise.field_wujia_franchise_inspection_line__previous_result",Kết quả trước đó,上一次結果,ผลลัพธ์ก่อนหน้า
Previous Deduction Score,"model:ir.model.fields,field_description:wujia_franchise.field_wujia_franchise_inspection_line__previous_deduction_score",Điểm trừ đợt trước,上一次扣分,ข้อเสียจากรอบที่แล้ว
Sequence,"model:ir.model.fields,field_description:wujia_franchise.field_wujia_franchise_inspection_exam_line__sequence",Thứ tự,順序,คำสั่ง
Quest Code Snapshot,"model:ir.model.fields,field_description:wujia_franchise.field_wujia_franchise_inspection_exam_line__quest_code_snapshot",Mã câu hỏi,題目編號,รหัสคำถาม
Quest Content Snapshot,"model:ir.model.fields,field_description:wujia_franchise.field_wujia_franchise_inspection_exam_line__quest_content_snapshot",Nội dung câu hỏi,題目內容,เนื้อหาคำถาม
Correct Answer Snapshot,"model:ir.model.fields,field_description:wujia_franchise.field_wujia_franchise_inspection_exam_line__correct_answer_snapshot",Đáp án đúng,正確答案,คำตอบที่ถูกต้อง
Answer,"model:ir.model.fields,field_description:wujia_franchise.field_wujia_franchise_inspection_exam_line__answer",Đáp án trả lời,作答答案,คำตอบ
Is Correct,"model:ir.model.fields,field_description:wujia_franchise.field_wujia_franchise_inspection_exam_line__is_correct",Đúng,正確,ถูกต้อง
Point,"model:ir.model.fields,field_description:wujia_franchise.field_wujia_franchise_inspection_exam_line__point",Điểm,分數,จุด
Is Locked,"model:ir.model.fields,field_description:wujia_franchise.field_wujia_franchise_inspection_exam_line__is_locked",Khóa,鎖定,ล็อค
Checklist Score,"model:ir.model.fields,field_description:wujia_franchise.field_wujia_franchise_inspection__checklist_score",Điểm checklist,Checklist 分數,คะแนนเช็คลิสต์
Exam Score,"model:ir.model.fields,field_description:wujia_franchise.field_wujia_franchise_inspection__exam_score",Điểm kiểm tra,測驗分數,ด่าน
Total Score,"model:ir.model.fields,field_description:wujia_franchise.field_wujia_franchise_inspection__total_score",Tổng điểm,總分,คะแนนรวม
Confirmation Date,"model:ir.model.fields,field_description:wujia_franchise.field_wujia_franchise_inspection__confirm_date",Ngày xác nhận,確認日期,วันที่ยืนยัน
Previous Supervision Sheet,"model:ir.model.fields,field_description:wujia_franchise.field_wujia_franchise_inspection__previous_inspection_id",Phiếu khảo sát trước,上一次監督表,แบบฟอร์มสำรวจเบื้องต้น
Survey Execution Page,"model_terms:ir.ui.view,arch_db:wujia_franchise.inspection_survey_do_page",Trang thực hiện Khảo sát đánh giá,評核執行頁面,หน้าสำหรับดำเนินการสำรวจประเมินผล
Evaluation Survey,"model_terms:ir.ui.view,arch_db:wujia_franchise.inspection_survey_do_page",Khảo sát đánh giá,評核,การสำรวจและการประเมินผล
Back,"model_terms:ir.ui.view,arch_db:wujia_franchise.inspection_survey_do_page",Quay lại,返回,กลับมา
Completed,"model_terms:ir.ui.view,arch_db:wujia_franchise.inspection_survey_do_page",Đã hoàn thành,已完成,สมบูรณ์
Checklist,"model_terms:ir.ui.view,arch_db:wujia_franchise.inspection_survey_do_page",Checklist,Checklist,รายการตรวจสอบ
Staff Exam,"model_terms:ir.ui.view,arch_db:wujia_franchise.inspection_survey_do_page",Kiểm tra NV,員工檢查,ตรวจสอบพนักงาน
Total Score,"model_terms:ir.ui.view,arch_db:wujia_franchise.inspection_survey_do_page",Tổng điểm,總分,คะแนนรวม
Grade,"model_terms:ir.ui.view,arch_db:wujia_franchise.inspection_survey_do_page",Xếp loại,評等,อันดับ
Checklist Criteria,"model_terms:ir.ui.view,arch_db:wujia_franchise.inspection_survey_do_page",Tiêu chí Checklist,Checklist 評核項目,เกณฑ์รายการตรวจสอบ
Staff Exam,"model_terms:ir.ui.view,arch_db:wujia_franchise.inspection_survey_do_page",Bài kiểm tra nhân viên,員工測驗,การทดสอบพนักงาน
Checklist Criteria Content,"model_terms:ir.ui.view,arch_db:wujia_franchise.inspection_survey_do_page",Nội dung kiểm tra checklist,Checklist 檢查內容,เนื้อหาในรายการตรวจสอบ
Information,"model_terms:ir.ui.view,arch_db:wujia_franchise.inspection_survey_do_page",Thông tin,資訊,ข้อมูล
Evaluation,"model_terms:ir.ui.view,arch_db:wujia_franchise.inspection_survey_do_page",Đánh giá,評核,ประเมิน
Critical Criterion / Disqualification,"model_terms:ir.ui.view,arch_db:wujia_franchise.inspection_survey_do_page",Tiêu chí quan trọng / Điểm liệt,重要項目／致命扣分項目,เกณฑ์สำคัญ / คะแนนสอบตก
"View Previous Round, Add Notes & Photos","model_terms:ir.ui.view,arch_db:wujia_franchise.inspection_survey_do_page","Xem đợt trước, nhập ghi chú & tải ảnh","查看上一次評核,輸入備註並上傳照片",ดูชุดข้อมูลก่อนหน้า เพิ่มบันทึก และอัปโหลดรูปภาพ
Previous Round: Pass,"model_terms:ir.ui.view,arch_db:wujia_franchise.inspection_survey_do_page",Đợt trước: Đạt,上一次：合格,รอบที่แล้ว: ผ่านแล้ว
Pass,"model_terms:ir.ui.view,arch_db:wujia_franchise.inspection_survey_do_page",Đạt,合格,รับ
Previous Round: Fail,"model_terms:ir.ui.view,arch_db:wujia_franchise.inspection_survey_do_page",Đợt trước: Không đạt,上一次：不合格,รอบที่แล้ว: ล้มเหลว
Fail,"model_terms:ir.ui.view,arch_db:wujia_franchise.inspection_survey_do_page",K.Đạt,不合格,เค. ดัต
Has Notes,"model_terms:ir.ui.view,arch_db:wujia_franchise.inspection_survey_do_page",Có ghi chú,有備註,มีบันทึกอยู่
Has Photos,"model_terms:ir.ui.view,arch_db:wujia_franchise.inspection_survey_do_page",Có ảnh,有照片,มีรูปภาพ
Examined Staff Information,"model_terms:ir.ui.view,arch_db:wujia_franchise.inspection_survey_do_page",Thông tin Nhân viên làm bài kiểm tra,測驗員工資訊,ข้อมูลเกี่ยวกับบุคลากรที่เข้ารับการทดสอบ
Exam submitted & locked,"model_terms:ir.ui.view,arch_db:wujia_franchise.inspection_survey_do_page",Bài kiểm tra đã nộp & đã khóa,測驗已提交並鎖定,แบบทดสอบได้รับการส่งแล้วและถูกล็อกเรียบร้อยแล้ว
Tested Employee,"model_terms:ir.ui.view,arch_db:wujia_franchise.inspection_survey_do_page",Nhân viên được kiểm tra,受檢員工,พนักงานคนดังกล่าวถูกตรวจสอบแล้ว
Staff full name...,"model_terms:ir.ui.view,arch_db:wujia_franchise.inspection_survey_do_page",Họ và tên nhân viên...,員工姓名...,ชื่อ-นามสกุลเต็มของพนักงาน...
Tenure,"model_terms:ir.ui.view,arch_db:wujia_franchise.inspection_survey_do_page",Thâm niên,年資,ความอาวุโส
"Tenure (e.g. 0.5, 1, 2)...","model_terms:ir.ui.view,arch_db:wujia_franchise.inspection_survey_do_page","Thâm niên (ví dụ: 0.5, 1, 2)...","年資（例如：0.5, 1,2)...","ระดับอาวุโส (เช่น 0.5, 1, 2)..."
Enter staff answers here...,"model_terms:ir.ui.view,arch_db:wujia_franchise.inspection_survey_do_page",Nhập đáp án trả lời của nhân viên tại đây...,請在此輸入員工作答答案...,กรุณาป้อนคำตอบของพนักงานที่นี่...
This inspection sheet has no staff exam.,"model_terms:ir.ui.view,arch_db:wujia_franchise.inspection_survey_do_page",Phiếu khảo sát này không có bài kiểm tra nhân viên.,此評核表沒有員工測驗。,แบบสำรวจนี้ไม่ได้รวมการทดสอบพนักงานไว้ด้วย
Click on the Previous Round badge to view past inspection info.,"model_terms:ir.ui.view,arch_db:wujia_franchise.inspection_survey_do_page",Bấm vào nhãn Đợt trước để xem thông tin khảo sát kỳ trước.,點擊「上一次」標籤以查看前次評核資訊。,"คลิกที่ป้ายกำกับ ""แบบสำรวจก่อนหน้า"" เพื่อดูข้อมูลจากแบบสำรวจครั้งก่อน"
Save,"model_terms:ir.ui.view,arch_db:wujia_franchise.inspection_survey_do_page",Lưu,儲存,บันทึก
Survey is completed,"model_terms:ir.ui.view,arch_db:wujia_franchise.inspection_survey_do_page",Phiếu khảo sát đã hoàn tất,評核表已完成,แบบสอบถามเสร็จสมบูรณ์แล้ว
Criterion Details,"model_terms:ir.ui.view,arch_db:wujia_franchise.inspection_survey_do_page",Chi tiết tiêu chí,評核項目詳細內容,รายละเอียดเกณฑ์
Previous Inspection Round,"model_terms:ir.ui.view,arch_db:wujia_franchise.inspection_survey_do_page",Đợt khảo sát trước,上一次評核,การสำรวจครั้งก่อน
Inspector:,"model_terms:ir.ui.view,arch_db:wujia_franchise.inspection_survey_do_page",Người kiểm tra:,檢查人員：,ผู้ตรวจสอบ:
Previous Notes:,"model_terms:ir.ui.view,arch_db:wujia_franchise.inspection_survey_do_page",Ghi chú trước:,上次備註：,หมายเหตุล่วงหน้า:
Violation Notes,"model_terms:ir.ui.view,arch_db:wujia_franchise.inspection_survey_do_page",Ghi chú vi phạm,違規備註,หมายเหตุการละเมิด
Enter violation notes if any...,"model_terms:ir.ui.view,arch_db:wujia_franchise.inspection_survey_do_page",Nhập ghi chú vi phạm nếu có...,輸入違規備註（如有）...,โปรดระบุหมายเหตุเกี่ยวกับการละเมิดใดๆ หากมี...
Evidence Photos,"model_terms:ir.ui.view,arch_db:wujia_franchise.inspection_survey_do_page",Bằng chứng vi phạm (Hình ảnh),違規證明（照片）,หลักฐานการละเมิด (รูปภาพ)
Capture / Upload Photo,"model_terms:ir.ui.view,arch_db:wujia_franchise.inspection_survey_do_page",Chụp / Tải ảnh,拍照／上傳照片,ถ่าย/อัปโหลดรูปภาพ
Click to change photo,"model_terms:ir.ui.view,arch_db:wujia_franchise.inspection_survey_do_page",Bấm để đổi ảnh,點擊更換照片,คลิกเพื่อเปลี่ยนรูปภาพ
Photo attached,"model_terms:ir.ui.view,arch_db:wujia_franchise.inspection_survey_do_page",Đã có ảnh,已有照片,รูปภาพพร้อมให้ดาวน์โหลดแล้ว
Evaluate this criterion:,"model_terms:ir.ui.view,arch_db:wujia_franchise.inspection_survey_do_page",Đánh giá tiêu chí này:,評核此項目：,ประเมินเกณฑ์นี้:
Pass,"model_terms:ir.ui.view,arch_db:wujia_franchise.inspection_survey_do_page",Đạt,合格,รับ
Done,"model_terms:ir.ui.view,arch_db:wujia_franchise.inspection_survey_do_page",Hoàn tất,完成,สมบูรณ์
Notification,"model_terms:ir.ui.view,arch_db:wujia_franchise.inspection_survey_do_page",Thông báo,通知,การแจ้งเตือน
Please enter the Tested Employee!,"model_terms:ir.ui.view,arch_db:wujia_franchise.inspection_survey_do_page",Vui lòng nhập Nhân viên được kiểm tra!,請輸入受檢員工！,กรุณาระบุชื่อพนักงานที่กำลังได้รับการตรวจสอบ!
Got it,"model_terms:ir.ui.view,arch_db:wujia_franchise.inspection_survey_do_page",Đã hiểu,了解,เข้าใจแล้ว
Previous Inspection Details,"model_terms:ir.ui.view,arch_db:wujia_franchise.inspection_survey_do_page",Chi tiết Đợt khảo sát trước,上一次監督詳細內容,รายละเอียดของการสำรวจครั้งก่อน
Previous Supervision Sheet,"model_terms:ir.ui.view,arch_db:wujia_franchise.inspection_survey_do_page",Phiếu khảo sát đợt trước,上一次監督表,แบบฟอร์มสำรวจก่อนหน้า
Execution Date,"model_terms:ir.ui.view,arch_db:wujia_franchise.inspection_survey_do_page",Ngày thực hiện,執行日期,วันที่ดำเนินการ
Inspector,"model_terms:ir.ui.view,arch_db:wujia_franchise.inspection_survey_do_page",Người kiểm tra,檢查人員,ผู้ตรวจสอบ
Previous Evaluation,"model_terms:ir.ui.view,arch_db:wujia_franchise.inspection_survey_do_page",Đánh giá kỳ trước,上一次評核結果,รีวิวก่อนหน้า
Previous Violation Notes,"model_terms:ir.ui.view,arch_db:wujia_franchise.inspection_survey_do_page",Ghi chú vi phạm kỳ trước,上一次違規備註,หมายเหตุการละเมิดก่อนหน้านี้
Previous Evidence Photos,"model_terms:ir.ui.view,arch_db:wujia_franchise.inspection_survey_do_page",Ảnh bằng chứng kỳ trước,上一次違規證明照片,หลักฐานภาพถ่ายก่อนหน้านี้
Reports,"model_terms:ir.ui.view,arch_db:wujia_franchise.view_wujia_franchise_inspection_form",Báo cáo,報告,รายงาน
Revenue Detail Report,"model_terms:ir.ui.view,arch_db:wujia_franchise.view_wujia_franchise_inspection_form",Báo cáo chi tiết doanh thu,營業額詳細報告,รายงานรายได้โดยละเอียด
Report Line Ids,"model:ir.model.fields,field_description:wujia_franchise.field_wujia_franchise_inspection__report_line_ids",Dòng báo cáo,報告明細,รายงานสตรีม
Line,"model:ir.model,name:wujia_franchise.model_wujia_franchise_inspection_report_line",Từng dòng báo cáo tài chính trong 3 tháng,加盟門店近3個月財務報告明細,แต่ละบรรทัดในรายงานทางการเงินครอบคลุมระยะเวลาสามเดือน
Sequence,"model:ir.model.fields,field_description:wujia_franchise.field_wujia_franchise_inspection_report_line__sequence",Thứ tự,順序,คำสั่ง
Date Month,"model:ir.model.fields,field_description:wujia_franchise.field_wujia_franchise_inspection_report_line__date_month",Tháng (MM/YYYY),月份 (MM/YYYY),เดือน (วว/ปปปป)
Days Of Month,"model:ir.model.fields,field_description:wujia_franchise.field_wujia_franchise_inspection_report_line__days_of_month",Số ngày trong tháng,當月天數,จำนวนวันในหนึ่งเดือน
Revenue,"model:ir.model.fields,field_description:wujia_franchise.field_wujia_franchise_inspection_report_line__revenue",Doanh thu,營業額,รายได้
Revenue Avg,"model:ir.model.fields,field_description:wujia_franchise.field_wujia_franchise_inspection_report_line__revenue_avg",Doanh thu / ngày,日均營業額,รายได้ต่อวัน
Total App Sale,"model:ir.model.fields,field_description:wujia_franchise.field_wujia_franchise_inspection_report_line__total_app_sale",Tổng giao dịch qua app,App 訂單筆數,ยอดรวมธุรกรรมผ่านแอป
Percent App Sale,"model:ir.model.fields,field_description:wujia_franchise.field_wujia_franchise_inspection_report_line__percent_app_sale",% giao dịch qua app,App 訂單佔比(%),ร้อยละของธุรกรรมทั้งหมดดำเนินการผ่านแอปพลิเคชัน
Supervision Sheet,"model:ir.model.fields,field_description:wujia_franchise.field_wujia_franchise_inspection_report_line__inspection_id",Phiếu khảo sát,監督表,แบบฟอร์มสำรวจ
Confirmed User Id,"model:ir.model.fields,field_description:wujia_franchise.field_wujia_franchise_inspection__confirmed_user_id",Người xác nhận,確認者,ผู้ยืนยัน
Confirmed Member Id,"model:ir.model.fields,field_description:wujia_franchise.field_wujia_franchise_inspection__confirmed_member_id",Quản lý cửa hàng xác nhận,門店管理者確認,ผู้จัดการร้านยืนยันแล้ว
Supervision Score History (Last 10 Rounds),"model_terms:ir.ui.view,arch_db:wujia_franchise.view_wujia_franchise_inspection_form",Lịch sử điểm số giám sát (10 đợt gần nhất),評核分數歷史紀錄（近10次）,ประวัติคะแนนการติดตาม (10 ช่วงเวลาล่าสุด)
Score per Round,"model_terms:ir.ui.view,arch_db:wujia_franchise.view_wujia_franchise_inspection_form",Điểm từng đợt,各次評核分數,คะแนนต่อช่วงเวลา
Average Score,"model_terms:ir.ui.view,arch_db:wujia_franchise.view_wujia_franchise_inspection_form",Điểm trung bình,平均分數,คะแนนเฉลี่ย
No Historical Data Yet!,"model_terms:ir.ui.view,arch_db:wujia_franchise.view_wujia_franchise_inspection_form",Chưa có dữ liệu lịch sử!,暫無歷史數據！,ไม่มีข้อมูลทางประวัติศาสตร์!
Please select a Supervision Template or this store has no completed/remediation inspection sheets yet.,"model_terms:ir.ui.view,arch_db:wujia_franchise.view_wujia_franchise_inspection_form",Vui lòng chọn Mẫu khảo sát hoặc cửa hàng này chưa có phiếu giám sát nào theo mẫu này ở trạng thái Hoàn thành / Cần khắc phục.,"請選擇評核範本,或此門店目前尚無此範本已完成／待改善之監督表記錄。",โปรดเลือกเทมเพลตแบบสำรวจ หรือหากไม่พบแบบฟอร์มการติดตามใดๆ ที่ใช้เทมเพลตนี้ในสถานะ เสร็จสมบูรณ์ / ต้องแก้ไข
"Note: Please click ""Start Inspection"" on the header to start the inspection and take the exam!","model_terms:ir.ui.view,arch_db:wujia_franchise.view_wujia_franchise_inspection_form","Lưu ý: Vui lòng bấm ""Bắt đầu thực hiện"" ở trên header để bắt đầu khảo sát và làm bài kiểm tra!",注意：請點擊頂部「開始執行」以開始評核與測驗！,"หมายเหตุ: โปรดคลิก ""เริ่มดำเนินการ"" ที่ส่วนหัวเพื่อเริ่มการสำรวจและทำแบบทดสอบ!"
"Instructions: Employees enter answers into the ""Answer"" box below each question. After completion, click ""Submit Exam"" to grade.","model_terms:ir.ui.view,arch_db:wujia_franchise.view_wujia_franchise_inspection_form","Hướng dẫn: Nhân viên nhập câu trả lời vào ô ""Đáp án trả lời"" bên dưới mỗi câu hỏi. Sau khi hoàn thành, bấm ""Nộp bài kiểm tra"" để chấm điểm.",說明：員工在各題目下方的「作答」欄填寫答案。完成後點擊「提交測驗」進行評分。,"คำแนะนำ: พนักงานกรอกคำตอบลงในช่อง ""คำตอบ"" ใต้แต่ละคำถาม เมื่อเสร็จแล้วคลิก ""ส่งแบบทดสอบ"" เพื่อตรวจให้คะแนน"
Exam Submitted! Answers have been locked. Scoring result:,"model_terms:ir.ui.view,arch_db:wujia_franchise.view_wujia_franchise_inspection_form",Đã nộp bài kiểm tra! Bài làm đã được khóa. Kết quả chấm điểm:,測驗已提交！作答已鎖定。評分結果：,ส่งแบบทดสอบแล้ว! ล็อกการทำแบบทดสอบแล้ว ผลคะแนน:
points,"model_terms:ir.ui.view,arch_db:wujia_franchise.view_wujia_franchise_inspection_form",điểm,分,คะแนน
